Ketxi,Pronunciation,Part of speech,English
a,/a/,pron.,to him; at it
aarrda,/aˈarda/,nf.,memory
abafin,/aˈbafin/,nm.,question
abe,/ˈabe/,v.,sort
abon,/ˈabon/,interj.,welcome
abuk,/ˈabuk/,adj.,vulgar
adañ,/ˈadaɲ/,nf.,belief
adarrin,/aˈdarin/,nm.,repetition
adegats,/aˈdegats̺/,nf.,proof
adin,/ˈadin/,nf.,discovery
adin,/ˈadin/,nm.,perception
adoti,/aˈdoti/,nm.,feeling
adotzi,/aˈdots̻i/,nf.,reflection
aduzu,/aˈdus̻u/,nm.,preparation
ae,/ˈae/,v.,like; admire; enjoy
aen,/ˈaen/,nf.,movement; motion
aeriu,/ˌaeˈɾiu/,nf.,response
aetza,/aˈets̻a/,nm.,hearing
aga,/ˈaga/,nf.,siege
agorrti,/aˈgorti/,nf.,action (movement)
agunten,/aˈgunten/,nm.,behavior
aifi,/aˈifi/,nm.,company
aille,/aˈiʎe/,nm.,hope
aitxan,/aˈitʃan/,nm.,growth
ak,/ak/,det.,much
akarren,/aˈkaren/,nf.,analysis
akarren,/aˈkaren/,nm.,exam
akigo,/aˈkigo/,nf.,defense
ako,/ˈako/,v.,buy; purchase; shop
akobe,/aˈkobe/,nf.,appearance (act of appearing)
alallen,/aˈlaʎen/,nm.,discussion
alda,/ˈalda/,nf.,bark (of tree)
alde,/ˈalde/,v.,hang; drape
alerrte,/aˈlerte/,nf.,service
allo,/ˈaʎo/,nf.,brick
alofi,/aˈlofi/,nm.,death
alorra,/aˈlora/,nm.,arrival
aluk,/ˈaluk/,nf.,agreement
amena,/aˈmena/,nm.,destruction
amira,/aˈmiɾa/,nm.,recognition
an,/an/,v.,work (function)
añ,/aɲ/,nm.,mind (thinking faculty); brain
añ larrtegu,/aɲ larˈtegu/,nf.,psychology
añ larrtegura,/aɲ ˌlarteˈguɾa/,nm.,psychologist
aña,/ˈaɲa/,v.,continue; keep (continue); remain
anamuzo,/ˌanaˈmus̻o/,nf.,cost
anamuzou,/aˌnamuˈs̻ou/,adj.,expensive
anare,/aˈnaɾe/,nm.,existence
anats,/ˈanats̺/,nm.,choice
anda,/ˈanda/,v.,ask (request); ask (invite)
añegots,/aˈɲegots̺/,adj.,wise
añi,/ˈaɲi/,nm.,camera
aniats,/aˈniats̺/,nm.,decision
anildo,/aˈnildo/,nm.,head
aniri,/aˈniɾi/,nm.,pressure
anoxon,/aˈnoʃon/,nf.,cause
anto,/ˈanto/,nf.,war
antora,/anˈtoɾa/,nm.,warrior
anuts,/ˈanuts̺/,nm.,permission
anuzogu,/ˌanuˈs̻ogu/,nm.,division
ari,/ˈaɾi/,nm.,match (game); contest
arrda,/ˈarda/,v.,remember
arrdi,/ˈardi/,nm.,adult
arrik,/ˈarik/,nm.,silver; money
asarru,/aˈs̺aru/,nm.,settlement (village)
asibo,/aˈs̺ibo/,nm.,entrance
asifa,/aˈs̺ifa/,nm.,argument
asklen,/ˈas̺klen/,conj.,although; though
askli,/ˈas̺kli/,nm.,uncle
asoskla,/aˈs̺os̺kla/,nm.,flight
asutza,/aˈs̺uts̻a/,nm.,loss
atoñ,/ˈatoɲ/,nf.,message; letter (written document); note
atoñ karrdun,/ˈatoɲ ˈkardun/,nm.,notebook
ats,/ats̺/,nf.,idea; concept
atun,/ˈatun/,nf.,match (for fire)
aun,/ˈaun/,nm.,top; mountain; lid
ayi,/ˈaji/,nf.,bedroom
ayo,/ˈajo/,nm.,hunger
ayon,/ˈajon/,nm.,horizon; panorama
ayou,/aˈjou/,adj.,hungry
azaña,/aˈs̻aɲa/,nm.,treatment
azarrdoñ,/aˈs̻ardoɲ/,nm.,excitement
azefaku,/ˌas̻eˈfaku/,nm.,pleasure
azeno,/aˈs̻eno/,nf.,explanation
azetzi,/aˈs̻ets̻i/,nm.,hint
azots,/ˈas̻ots̺/,nf.,description
azpu,/ˈas̻pu/,nm.,shade; shadow; hue
azu,/ˈas̻u/,nm.,mouth
azuga,/aˈs̻uga/,nf.,sale
azun,/ˈas̻un/,nf.,victory
azurrde,/aˈs̻urde/,nf.,guess
azuts,/ˈas̻uts̺/,adj.,oral
ba,/ba/,v.,go; leave (depart); pass
ba,/ba/,pron.,us; we
babatiñ,/baˈbatiɲ/,nm.,truth
babe,/ˈbabe/,v.,organize; book; set up
babea,/baˈbea/,nm.,organization
babizpi,/baˈbis̻pi/,nf.,ability
bafin,/ˈbafin/,v.,ask (inquire); inquire
bagendo,/baˈgendo/,nm.,strength
bagi,/ˈbagi/,nm.,loop; curve; curl
bagotobiñ,/ˌbagoˈtobiɲ/,nf.,anger
bagoyi,/baˈgoji/,nf.,silence
bak,/bak/,prep.,on
bakaraki,/ˌbakaˈɾaki/,nm.,society
bake,/ˈbake/,nf.,song
baken,/ˈbaken/,v.,sing
bakera,/baˈkeɾa/,nf.,singer
baketxi,/baˈketʃi/,nm.,happiness
bakoto,/baˈkoto/,nf.,sickness
balda,/ˈbalda/,nf.,armor
baldek,/ˈbaldek/,nf.,road; street; trail; pavement
baldu,/ˈbaldu/,nm.,spell (of magic)
balini,/baˈlini/,nf.,tension
balli,/ˈbaʎi/,nm.,opinion
bamarrdu,/baˈmardu/,nm.,width
bameza,/baˈmes̻a/,nm.,beauty
bamik,/ˈbamik/,nm.,slope; slant
bamirran,/baˈmiran/,nm.,fun
bamirre,/baˈmire/,adj.,short; low
bamonañ,/baˈmonaɲ/,nm.,height
bamura,/baˈmuɾa/,nf.,heat
bamuskli,/baˈmus̺kli/,nf.,health
bañ,/baɲ/,nf.,city
banan,/ˈbanan/,nm.,length
baño,/ˈbaɲo/,v.,control
baño,/ˈbaɲo/,nf.,control
bantu,/ˈbantu/,nm.,hotel; inn; lodge
bantuts,/ˈbantuts̺/,nf.,bell
bañu,/ˈbaɲu/,adj.,urban
bara,/ˈbaɾa/,nf.,ass
barendu,/baˈɾendu/,nf.,nail
baro,/ˈbaɾo/,v.,support; justify; reinforce
baro,/ˈbaɾo/,nm.,support
barrde,/ˈbarde/,v.,kiss
barrdon,/ˈbardon/,v.,claim; allege
barru,/ˈbaru/,nm.,fog; mist
basagi,/baˈs̺agi/,nf.,difference
basarrimak,/ˌbas̺aˈrimak/,nm.,luck
basarrto,/baˈs̺arto/,nm.,moisture
basotu,/baˈs̺otu/,nm.,fat (bodily substance)
batan,/ˈbatan/,nm.,debt
batañi,/baˈtaɲi/,v.,stop; halt
batiñ,/ˈbatiɲ/,adj.,true; honest; pure
bato,/ˈbato/,v.,burst; explode; blow up; erupt
bats,/bats̺/,nm.,education
batu,/ˈbatu/,adj.,thin (narrow); narrow
bau,/ˈbau/,nm.,forest
baxe,/ˈbaʃe/,adv.,often
baza,/ˈbas̻a/,nm.,table
bazagumi,/ˌbas̻aˈgumi/,nm.,confidence
baze,/ˈbas̻e/,nf.,shore; coast; beach
bazeru,/baˈs̻eɾu/,nm.,subtlety
bazi,/ˈbas̻i/,prep.,around
bazibu,/baˈs̻ibu/,adj.,purple
baziñe,/baˈs̻iɲe/,nm.,darkness
bazon,/ˈbas̻on/,nm.,youth
bazoñe,/baˈs̻oɲe/,nf.,perfection
bazpizo,/bas̻ˈpis̻o/,nm.,scale (skin of reptiles)
be,/be/,adj.,other; spare
be,/be/,pron.,hers; its
be,/be/,det.,her
beba,/ˈbeba/,adj.,stupid; dumb; silly
bebota,/beˈbota/,nf.,fat (component in food)
befa,/ˈbefa/,nm.,buttocks
befi,/ˈbefi/,nf.,detail
begets,/ˈbegets̺/,nm.,direction (way)
bek,/bek/,v.,clear
beki,/ˈbeki/,nm.,accent (of language); dialect
bekuñ,/ˈbekuɲ/,nm.,key
belda,/ˈbelda/,v.,grip
bellen,/ˈbeʎen/,nm.,square; cube
bemak,/ˈbemak/,v.,calculate
bemu,/ˈbemu/,nf.,seat; chair; buttocks; stool (seat)
ben,/ben/,v.,meet; find; encounter
beñ,/beɲ/,num.,first
bena,/ˈbena/,nm.,meeting
bende,/ˈbende/,nf.,valley
bendots,/ˈbendots̺/,nf.,mass
beo,/ˈbeo/,v.,cook (heat food)
beora,/beˈoɾa/,nm.,chef; cook
berats,/ˈbeɾats̺/,nm.,class
beta,/ˈbeta/,adj.,deep
beti,/ˈbeti/,adj.,gentle
bets,/bets̺/,adv.,never
betxa,/ˈbetʃa/,nm.,axe
betxok,/ˈbetʃok/,adj.,furious
betzoñ,/ˈbets̻oɲ/,v.,escape; flee; dodge
beya,/ˈbeja/,v.,need (require); need (lack)
beya,/ˈbeja/,nf.,need
beze,/ˈbes̻e/,nf.,kitchen
bezere,/beˈs̻eɾe/,v.,drink; sip
bezere,/beˈs̻eɾe/,nf.,drink
bezereen,/ˌbes̻eˈɾeen/,adj.,drunk (inebriated)
bezo,/ˈbes̻o/,nm.,boat; canoe; yacht
bezo,/ˈbes̻o/,v.,sail
bezora,/beˈs̻oɾa/,nf.,sailor
bezpa,/ˈbes̻pa/,adj.,old
bezpa ziña,/ˈbes̻pa ˈs̻iɲa/,nm.,rainbow
bezpi,/ˈbes̻pi/,nm.,sense
bi,/bi/,det.,that
bi,/bi/,pron.,that
bia,/ˈbia/,nm.,toy
biba,/ˈbiba/,v.,influence
biben,/ˈbiben/,nm.,item
bibi,/ˈbibi/,nf.,cork
bibo,/ˈbibo/,v.,lie
bibo,/ˈbibo/,nm.,lie
bibora,/biˈboɾa/,nm.,liar
bife,/ˈbife/,nf.,trade
bik,/bik/,adv.,now
bilda,/ˈbilda/,nm.,coat; jacket
bildi,/ˈbildi/,v.,give; deliver; present; provide; transfer
bimeñ,/ˈbimeɲ/,adj.,straight; steep; honest
bimiza,/biˈmis̻a/,v.,say
bin,/bin/,v.,should
biñ,/biɲ/,nf.,bank; stock
bindañ,/ˈbindaɲ/,nf.,officer
biñe,/ˈbiɲe/,nm.,tower
binta,/ˈbinta/,v.,wave (salutation)
birrdo,/ˈbirdo/,nf.,sea; ocean
birrte,/ˈbirte/,nf.,theory
bita,/ˈbita/,v.,laugh; chuckle; giggle
bita,/ˈbita/,nf.,laugh
bits,/bits̺/,adv.,away
bitxu,/ˈbitʃu/,nf.,army
bitxua,/bitˈʃua/,nm.,soldier
bitzebi,/bitˈs̻ebi/,nm.,space (beyond Earth)
bitzi,/ˈbits̻i/,prep.,along
bixon,/ˈbiʃon/,nf.,hair (of head); hair (of body)
biyon,/ˈbijon/,nm.,fort
biza,/ˈbis̻a/,adj.,small; little; short; low; miniature; narrow; brief
biza dets,/ˈbis̻a dets̺/,nm.,village
biza kuru,/ˈbis̻a ˈkuɾu/,nm.,infant
bizpa,/ˈbis̻pa/,adv.,tonight
bizpi,/ˈbis̻pi/,adj.,able; capable; competent
bo,/bo/,prep.,by (agent performing an action); by (author or creator)
boa,/ˈboa/,nm.,dungeon
bofen,/ˈbofen/,v.,complain
boga,/ˈboga/,v.,surprise; startle
bogoa,/boˈgoa/,adj.,slow
bok,/bok/,adj.,local
boki,/ˈboki/,nf.,supervisor
boko,/ˈboko/,nf.,ray (of light)
boldon,/ˈboldon/,v.,permit; approve
bollo,/ˈboʎo/,v.,polish
bon,/bon/,v.,grab; clutch; grasp
bori,/ˈboɾi/,v.,freeze
boria,/boˈɾia/,nm.,frost
borreru,/boˈreɾu/,nm.,sheep
borri,/ˈbori/,nf.,pool
bota,/ˈbota/,adj.,thick
botan,/ˈbotan/,prep.,per; for each
bots,/bots̺/,num.,thousand
botu,/ˈbotu/,nf.,whore
botu sin,/ˈbotu s̺in/,nm.,brothel
boun,/ˈboun/,v.,wait; linger
boxa,/ˈboʃa/,v.,put (place); put on
bozpi,/ˈbos̻pi/,v.,stand; situate
bozpu,/ˈbos̻pu/,nf.,race (ethnicity); ethnicity
bu,/bu/,nm.,organism
bube,/ˈbube/,v.,boil
bugi,/ˈbugi/,nf.,kind; type
buk,/buk/,det.,such
buk,/buk/,pron.,we
bulda,/ˈbulda/,nm.,equipment; apparatus
bullañ,/ˈbuʎaɲ/,nm.,flesh
bullu,/ˈbuʎu/,nf.,process; procedure
bun,/bun/,prep.,at
buñ,/buɲ/,adj.,plain
buna,/ˈbuna/,adj.,ready; ripe
buña,/ˈbuɲa/,v.,fold
bundo,/ˈbundo/,nm.,palm (of hand)
bune,/ˈbune/,nf.,hag (old woman)
buñe,/ˈbuɲe/,v.,spend
buni,/ˈbuni/,nm.,suggestion
bunin,/ˈbunin/,v.,suggest
bunte,/ˈbunte/,adv.,sometimes
burak,/ˈbuɾak/,v.,seek
burrdi,/ˈburdi/,nf.,trunk (of tree)
burrdo,/ˈburdo/,prep.,across
burre,/ˈbure/,v.,manage
burrera,/buˈreɾa/,nm.,manager
burru,/ˈburu/,adj.,exact; precise
buta,/ˈbuta/,v.,start; begin
buta,/ˈbuta/,nm.,start; beginning
butoñ,/ˈbutoɲ/,nm.,stage
buts,/buts̺/,v.,kick
buzpiñ,/ˈbus̻piɲ/,adv.,either
da,/da/,v.,be (exist); be (permanent state)
da,/da/,pron.,they (fem)
daba,/ˈdaba/,prep.,onto
dabu,/ˈdabu/,nm.,skirt
dabufo,/daˈbufo/,adj.,bad
dafi,/ˈdafi/,adj.,whole; entire
dafon,/ˈdafon/,nf.,angle
dafu,/ˈdafu/,adv.,once
daga,/ˈdaga/,v.,balance; poise
dage,/ˈdage/,nm.,face; front
dagots,/ˈdagots̺/,nf.,evidence
dagotsu,/daˈgots̺u/,adj.,evident
daifo,/daˈifo/,adj.,cool (slightly cold)
dak,/dak/,v.,feel (sense by touch); feel (examine by touch)
dak,/dak/,pron.,to her; at it
daka,/ˈdaka/,nm.,possibility
dakau,/daˈkau/,adj.,possible
dake,/ˈdake/,nm.,bottle; jar
dakina,/daˈkina/,nm.,tree; wood; plant
dalda,/ˈdalda/,nm.,hallway; corridor
daldi,/ˈdaldi/,adj.,awful; terrible
daldobi,/dalˈdobi/,nf.,letter (of an alphabet)
daldobiok,/ˌdaldoˈbiok/,nm.,alphabet
dalla,/ˈdaʎa/,nm.,tooth; beak
dalla mendo,/ˈdaʎa ˈmendo/,nm.,dentist
dalle,/ˈdaʎe/,v.,turn; wind
dalloge,/daˈʎoge/,nf.,menu
dama,/ˈdama/,nf.,course (direction of travel); direction (way)
dame,/ˈdame/,nm.,pot; bucket
dame munda,/ˈdame ˈmunda/,nf.,pottery
dami,/ˈdami/,v.,crush; grind; squash
damu,/ˈdamu/,nf.,vehicle
dan,/dan/,adv.,very; really
dan,/dan/,pron.,from them (fem)
dañ,/daɲ/,v.,believe; trust
daña,/ˈdaɲa/,v.,limp
dande,/ˈdande/,v.,masturbate
danduka,/danˈduka/,nm.,present; gift
danduni,/danˈduni/,adj.,delicious
dane,/ˈdane/,v.,spell
dañe,/ˈdaɲe/,v.,hide
danea,/daˈnea/,nf.,spelling
dano,/ˈdano/,pron.,everybody
dañomo,/daˈɲomo/,v.,date; go out
danta,/ˈdanta/,prep.,according to
dantañe,/danˈtaɲe/,nf.,cloth; linen
daran,/ˈdaɾan/,nf.,athlete
dare,/ˈdaɾe/,nf.,rice; cereal
dari,/ˈdaɾi/,nf.,machine
darraki,/daˈraki/,adv.,how
darri,/ˈdari/,nf.,project
darrin,/ˈdarin/,v.,repeat; replicate
darriñañ,/daˈriɲaɲ/,nm.,tomb; coffin; grave
darriñañon,/ˌdariˈɲaɲon/,nm.,graveyard
darrtak,/ˈdartak/,nm.,front; facade
darru,/ˈdaru/,adj.,thin (slender); slim
data,/ˈdata/,nf.,clock
datets,/ˈdatets̺/,v.,fire (from job)
dati,/ˈdati/,nm.,harmony
datik,/ˈdatik/,nf.,badge
datin,/ˈdatin/,nf.,plan; strategy (plan); program
datin,/ˈdatin/,v.,plan
dats,/dats̺/,prep.,for (a period of time or length of distance)
datuñ,/ˈdatuɲ/,v.,rub; stroke
datxa,/ˈdatʃa/,nf.,thread; strand
datxun,/ˈdatʃun/,nm.,worker
datzo,/ˈdats̻o/,v.,bake
datzu,/ˈdats̻u/,adj.,free
dau,/ˈdau/,nm.,cord
daxe,/ˈdaʃe/,nf.,fish
daxo,/ˈdaʃo/,nm.,balcony
dayi,/ˈdaji/,nf.,earthquake
dayo,/ˈdajo/,adv.,together
dazak,/ˈdas̻ak/,nf.,skin; bark (of tree); crust
dazik,/ˈdas̻ik/,nm.,horn
dazo,/ˈdas̻o/,nm.,news
dazu,/ˈdas̻u/,v.,cover
de,/de/,v.,be (age)
de,/de/,pron.,to us
dea,/ˈdea/,v.,sleep; nap
deaa,/deˈaa/,nf.,sleep
debo,/ˈdebo/,nf.,mill; laboratory
defi,/ˈdefi/,nf.,diamond
degats,/ˈdegats̺/,v.,prove
degoi,/deˈgoi/,nf.,wizard
degoñ,/ˈdegoɲ/,v.,hurt; injure
dek,/dek/,nf.,way; manner; route; course (direction of travel)
deku,/ˈdeku/,v.,stab; pierce
delda,/ˈdelda/,v.,must; have to
deldiñ,/ˈdeldiɲ/,nf.,apple
deldu,/ˈdeldu/,nf.,doll; puppet
dema,/ˈdema/,prep.,throughout
demi,/ˈdemi/,nm.,politics
demira,/deˈmiɾa/,nm.,politician
demits,/ˈdemits̺/,adj.,political
den,/den/,nm.,rain
deñ,/deɲ/,conj.,that
dena,/ˈdena/,v.,show; demonstrate; present
deña,/ˈdeɲa/,nf.,bird
dendan,/ˈdendan/,nf.,authority
dendanon,/denˈdanon/,v.,authorize
dendo,/ˈdendo/,nm.,curtain
dendon,/ˈdendon/,nf.,food; meal; feast; picnic; cuisine
dendon,/ˈdendon/,v.,eat
dene,/ˈdene/,nf.,root
deñon,/ˈdeɲon/,v.,drag
dentaba,/denˈtaba/,nf.,play (stage play)
dente,/ˈdente/,nm.,power; force; leverage
denteu,/denˈteu/,adj.,powerful
dera,/ˈdeɾa/,nm.,engine; motor
dere,/ˈdeɾe/,nm.,section; compartment; piece
deri,/ˈdeɾi/,nm.,gap
derin,/ˈdeɾin/,adj.,foreign
derinara,/ˌdeɾiˈnaɾa/,nm.,foreigner
derra,/ˈdera/,nm.,pig
derra kotzi,/ˈdera ˈkots̻i/,nf.,ham
derrak,/ˈderak/,v.,set
derrdo,/ˈderdo/,v.,hold
derrets,/ˈderets̺/,v.,drop
derroreñ,/deˈroɾeɲ/,v.,tear; rip
derrtaten,/derˈtaten/,nm.,economy
derrtatenats,/ˌdertaˈtenats̺/,adj.,economic
derrtun,/ˈdertun/,nf.,mouse
deta,/ˈdeta/,nm.,spirit
dete,/ˈdete/,nm.,cake
deti,/ˈdeti/,adj.,sudden; abrupt
deto,/ˈdeto/,adj.,weak
dets,/dets̺/,nm.,town; population; city
detxo,/ˈdetʃo/,nf.,row
detzu,/ˈdets̻u/,nm.,will
dexa,/ˈdeʃa/,nf.,shape; pattern
deyoga,/deˈjoga/,nm.,monster
deyolla,/deˈjoʎa/,v.,wake; wake up; get up
deza,/ˈdes̻a/,v.,tie
deze,/ˈdes̻e/,interj.,no
dezi,/ˈdes̻i/,v.,hunt
dezin,/ˈdes̻in/,nm.,church; chapel; shrine; religion
dezinats,/deˈs̻inats̺/,adj.,religious
dezira,/deˈs̻iɾa/,nf.,hunter
dezpa,/ˈdes̻pa/,adv.,otherwise
dezpi,/ˈdes̻pi/,nf.,result; outcome
dezpu,/ˈdes̻pu/,v.,shock; startle; stun; surprise
dezuñ,/ˈdes̻uɲ/,nm.,rumor
di,/di/,prep.,with (accompanied by)
di,/di/,pron.,I
dia,/ˈdia/,adj.,ugly
dibe,/ˈdibe/,v.,review; analyze
dibi,/ˈdibi/,nm.,example; prototype
dibu,/ˈdibu/,v.,accuse
die,/ˈdie/,adj.,plausible
dige,/ˈdige/,nf.,girlfriend
digi,/ˈdigi/,nf.,humor
digo,/ˈdigo/,adj.,important; significant
dik,/dik/,prep.,through
dik duxi,/dik ˈduʃi/,nf.,lens
dilde,/ˈdilde/,nm.,smoke; gas
dildi,/ˈdildi/,nm.,bay; harbor; cove
dildu,/ˈdildu/,v.,bow (greet)
dillo,/ˈdiʎo/,nm.,dinner
dima,/ˈdima/,adj.,probable; possible
dimaskle,/diˈmas̺kle/,v.,bring; fetch; carry; lift
dime,/ˈdime/,nf.,fence; barrier
dimo,/ˈdimo/,nf.,crime
dimo agorrti,/ˈdimo aˈgorti/,nm.,felony
dimora,/diˈmoɾa/,nm.,criminal
din,/din/,v.,see; discover; detect; perceive; identify; recognize; foresee; date; go out; examine
diñ,/diɲ/,v.,try (test out); test
dinak,/ˈdinak/,v.,live
dinak,/ˈdinak/,nm.,life (living organism)
dindarrton,/dinˈdarton/,adj.,alone
dineñ,/ˈdineɲ/,v.,crash; collide
dinto,/ˈdinto/,nm.,mood; attitude
dio,/ˈdio/,nf.,cart; wagon
dira,/ˈdiɾa/,nm.,expert
dirotxu,/diˈɾotʃu/,nm.,toilet
dirro,/ˈdiro/,v.,judge
dirrta,/ˈdirta/,nm.,mistake; error; defect
dirrteñ,/ˈdirteɲ/,nm.,breakfast
dita,/ˈdita/,nm.,judge
ditik,/ˈditik/,nm.,arrow (sign)
ditin,/ˈditin/,conj.,unless
dits,/dits̺/,conj.,or; either
ditu,/ˈditu/,nm.,ring
dixa,/ˈdiʃa/,v.,send
dixets,/ˈdiʃets̺/,nm.,assassin
dixetson,/diˈʃets̺on/,v.,assassinate
diyo,/ˈdijo/,nm.,nut; seed; grain
diza,/ˈdis̻a/,nf.,noise
dizi,/ˈdis̻i/,nm.,knife; blade
dizie,/diˈs̻ie/,nf.,sword
dizpa,/ˈdis̻pa/,nf.,present (time)
dizpi,/ˈdis̻pi/,nf.,word; language
dizpiñ,/ˈdis̻piɲ/,nm.,dictionary
dizu,/ˈdis̻u/,conj.,since
do,/do/,prep.,to; towards
do,/do/,pron.,at them (fem)
doan,/ˈdoan/,nm.,neck
doan gurraten,/ˈdoan guˈraten/,nf.,necklace
dobak,/ˈdobak/,nf.,dust; flour
dofo,/ˈdofo/,v.,starve
doga,/ˈdoga/,v.,ride
doge,/ˈdoge/,v.,help; assist; amend; treat; relieve
doge,/ˈdoge/,nf.,help
dogu,/ˈdogu/,nf.,prostitute
doits,/ˈdoits̺/,nm.,guest
dok,/dok/,nm.,part; piece
dokiñun,/doˈkiɲun/,nm.,rank (military); rank (position)
doldo,/ˈdoldo/,nf.,mother
doldu,/ˈdoldu/,v.,mention
dolduntu,/dolˈduntu/,v.,separate; isolate
dollazu,/doˈʎas̻u/,nm.,view; vision
dollu,/ˈdoʎu/,nm.,quality
dolluxi,/doˈʎuʃi/,prep.,during
domu,/ˈdomu/,adj.,red
don,/don/,nf.,number
doñ,/doɲ/,nm.,condition (requirement; stipulation)
dondu,/ˈdondu/,v.,crack
doñe,/ˈdoɲe/,nf.,parent
donin,/ˈdonin/,v.,suck
dontu,/ˈdontu/,nm.,hammer
donu,/ˈdonu/,nf.,thing; stuff; object
dora,/ˈdoɾa/,nm.,blade
dore,/ˈdoɾe/,prep.,beyond
doreu,/doˈɾeu/,nf.,chalk
dori,/ˈdoɾi/,nf.,grandmother
dorits,/ˈdoɾits̺/,nm.,base; ground
dorra,/ˈdora/,v.,investigate; inspect; examine
dorrderrtuñ,/dorˈdertuɲ/,nm.,party
doti,/ˈdoti/,v.,feel (perceive; sense); feel (sense by touch)
dotik,/ˈdotik/,nf.,plate; tray; disk; platter
dots,/dots̺/,v.,learn
dotuk,/ˈdotuk/,v.,involve; entail
dotuts,/ˈdotuts̺/,nf.,tongue; language
dotxon,/ˈdotʃon/,nf.,edge; limit; verge
dotza,/ˈdots̻a/,adv.,today; now
dotzi,/ˈdots̻i/,v.,reflect
doxa,/ˈdoʃa/,v.,use; utilize
doxa,/ˈdoʃa/,nf.,use
doyo,/ˈdojo/,nm.,resident
doza,/ˈdos̻a/,nm.,game; sport
doze,/ˈdos̻e/,nf.,frame; hull
dozo,/ˈdos̻o/,nf.,altitude
dozpa,/ˈdos̻pa/,v.,keep (store); store
dozpen,/ˈdos̻pen/,v.,lift; raise; elevate; boost
dozpena,/dos̻ˈpena/,nf.,elevation
dozpo,/ˈdos̻po/,adj.,live
du,/du/,num.,ten
du,/du/,det.,the
du,/du/,pron.,to you
dua,/ˈdua/,nf.,factor; variable
duba,/ˈduba/,v.,attack
dubets,/ˈdubets̺/,nm.,flavor
dufa,/ˈdufa/,nf.,bottom (lowest part); buttocks
dufante,/duˈfante/,v.,rest
dufe,/ˈdufe/,nm.,needle
dufik,/ˈdufik/,v.,solve; figure out; deduce
duk,/duk/,adj.,only
duke,/ˈduke/,interj.,well
duki,/ˈduki/,nm.,net
dulda,/ˈdulda/,v.,run
duldara,/dulˈdaɾa/,nm.,runner
duldu,/ˈduldu/,v.,direct; conduct
duma,/ˈduma/,adv.,far
dumu,/ˈdumu/,v.,wash; rinse
dun,/dun/,nm.,student
duñ,/duɲ/,adv.,as
duñ,/duɲ/,pron.,to me
duñi,/ˈduɲi/,nm.,acid
duñu,/ˈduɲu/,adj.,empty; naked; nude
dura,/ˈduɾa/,nm.,elbow
durabi,/duˈɾabi/,v.,study
durabi,/duˈɾabi/,nm.,study
dure,/ˈduɾe/,nm.,tail; ass (slang)
dureñ,/ˈduɾeɲ/,nf.,cage
duro,/ˈduɾo/,v.,trade
durora,/duˈɾoɾa/,nm.,trader
durra,/ˈdura/,v.,gain; earn
durrdan,/ˈdurdan/,adj.,dry; crisp
durrde,/ˈdurde/,v.,care
durrde,/ˈdurde/,nf.,care
durrdeun,/durˈdeun/,adj.,careful
durrdu,/ˈdurdu/,nm.,candy; vagina (slang)
durrtak,/ˈdurtak/,nm.,species
dutak,/ˈdutak/,adj.,funny; absurd
dutezpu,/duˈtes̻pu/,nf.,baby
dutoku,/duˈtoku/,nf.,credit (recognition)
dutxaze,/dutˈʃas̻e/,num.,second
dutxi,/ˈdutʃi/,adj.,cool (fashionable)
dutze,/ˈduts̻e/,adj.,stiff
dutzi,/ˈduts̻i/,nm.,stomach; gut
dutzu,/ˈduts̻u/,conj.,even
duxeza,/duˈʃes̻a/,v.,employ; recruit
duxezara,/ˌduʃeˈs̻aɾa/,nm.,employer
duxi,/ˈduʃi/,nm.,glass
duya,/ˈduja/,v.,moan; sigh
duyen,/ˈdujen/,nf.,skill; talent
duyenu,/duˈjenu/,adj.,skilled
duyi,/ˈduji/,pron.,nothing
duzexa,/duˈs̻eʃa/,nf.,anxiety
duzexau,/ˌdus̻eˈʃau/,adj.,anxious
duzi,/ˈdus̻i/,nm.,field; farm; pasture
duzi deña,/ˈdus̻i ˈdeɲa/,nf.,poultry
duzira,/duˈs̻iɾa/,nf.,farmer
duzo,/ˈdus̻o/,nf.,roof
duzu,/ˈdus̻u/,v.,prepare; brace
duzubi,/duˈs̻ubi/,nm.,mail
e,/e/,nf.,woman
e,/e/,pron.,to them (fem)
eaku,/eˈaku/,v.,avoid
ebe,/ˈebe/,nf.,silk
ebu,/ˈebu/,adj.,safe
efemi,/eˈfemi/,nf.,test
ege,/ˈege/,nm.,gender
ek,/ek/,adj.,great (excellent); awesome
ema,/ˈema/,nf.,erection
emi,/ˈemi/,adj.,sorry
en,/en/,v.,move; go; come
eñ,/eɲ/,nf.,hair (of body)
endik,/ˈendik/,nm.,fund
ene,/ˈene/,nf.,ancestor
erats,/ˈeɾats̺/,nf.,aunt
eriu,/eˈɾiu/,v.,respond; answer; reply
eriu,/eˈɾiu/,nf.,answer
ero,/ˈeɾo/,nm.,public
errti,/ˈerti/,adj.,nice
errtu,/ˈertu/,nm.,chief; boss
errtukan,/erˈtukan/,v.,roll; rotate
erruñ,/ˈeruɲ/,prep.,above
ete,/ˈete/,v.,protect
eteñ,/ˈeteɲ/,nf.,powder
eto,/ˈeto/,nm.,space (empty area); room (space)
etoñ,/ˈetoɲ/,v.,perform
etots,/ˈetots̺/,nm.,gap
ets,/ets̺/,v.,be (located)
eturrdo,/eˈturdo/,v.,ban; prohibit; veto
etza,/ˈets̻a/,v.,hear
etze,/ˈets̻e/,nf.,enemy
etzi,/ˈets̻i/,nm.,campaign; crusade
etzu,/ˈets̻u/,nf.,foot
etzu koyiñ,/ˈets̻u ˈkojiɲ/,nm.,footprint
euxek,/eˈuʃek/,nm.,bathroom
eya,/ˈeja/,nm.,slave
eyalli,/eˈjaʎi/,nm.,tire
eyan,/ˈejan/,nf.,water; mirror
ezpa,/ˈes̻pa/,adj.,serious; severe; sober
ezu,/ˈes̻u/,v.,mark; stain
ga,/ga/,v.,get; obtain; take; receive; experience; remove; take out; deprive; take away; earn; gain; erase; expel; evacuate; absorb
ga,/ga/,pron.,to them (masc)
ga,/ga/,nm.,sponge
gabi,/ˈgabi/,v.,blink
gaga,/ˈgaga/,nm.,train
gai,/ˈgai/,nm.,sap
gak,/gak/,num.,four
galde,/ˈgalde/,v.,receive; collect; accumulate; compile
galden,/ˈgalden/,v.,doubt
gallo,/ˈgaʎo/,nf.,bow (weapon)
game,/ˈgame/,v.,wear; put on
gan,/gan/,v.,try (strive); strive
gañ,/gaɲ/,v.,walk
gañabi,/gaˈɲabi/,v.,sit
gandu,/ˈgandu/,nf.,situation (circumstances; context)
ganta,/ˈganta/,nm.,weight
gantan,/ˈgantan/,v.,weigh
garo,/ˈgaɾo/,nf.,egg
garre,/ˈgare/,adv.,back
garrti,/ˈgarti/,v.,achieve; accomplish
garrtok,/ˈgartok/,nm.,dragon
gata,/ˈgata/,v.,mix; combine; join
gats,/gats̺/,nm.,ear
gats bagi,/gats̺ ˈbagi/,nm.,earring
gatxon,/ˈgatʃon/,prep.,beside
gatza,/ˈgats̻a/,adj.,available
gatzo,/ˈgats̻o/,nf.,restaurant; diner
gaye,/ˈgaje/,nm.,fiction
gaza,/ˈgas̻a/,adv.,however
gazen,/ˈgas̻en/,adj.,last (only remaining)
gazi,/ˈgas̻i/,adj.,sweet
gazots,/ˈgas̻ots̺/,adj.,light (weight); fragile
ge,/ge/,v.,come; go; reach; occur
ge,/ge/,pron.,from them (masc)
gebe,/ˈgebe/,nm.,map; chart
gefa,/ˈgefa/,adj.,right (direction)
gefebak,/geˈfebak/,nf.,glove
gega,/ˈgega/,nm.,energy (strength; stamina)
gege,/ˈgege/,nm.,justice
gego,/ˈgego/,v.,experience
gego,/ˈgego/,nf.,experience
gei,/ˈgei/,nm.,sugar
gek,/gek/,det.,any
gek,/gek/,pron.,at them (masc)
geke,/ˈgeke/,nm.,potion; elixir
geku,/ˈgeku/,nm.,steam
gelde,/ˈgelde/,v.,twist; wiggle
gema,/ˈgema/,nf.,store; shop
gemo,/ˈgemo/,nm.,beer
gen,/gen/,det.,every; each
geñ,/geɲ/,v.,play (have fun); compete
geñara,/geˈɲaɾa/,nf.,player
gendo,/ˈgendo/,adj.,strong; tough; solid; robust
geño,/ˈgeɲo/,nm.,cabinet; drawer
geoga,/geˈoga/,nm.,text
geri,/ˈgeɾi/,nm.,plague
gerra,/ˈgera/,nm.,path; track
gerrdats,/ˈgerdats̺/,v.,wonder
gerrdita,/gerˈdita/,v.,blow; kiss
gerrta,/ˈgerta/,v.,fight
gerrta,/ˈgerta/,nm.,fight
gerrtien,/gerˈtien/,nm.,resource
gesklo,/ˈges̺klo/,nf.,lesson; lecture
getin,/ˈgetin/,v.,regret; lament
gets,/gets̺/,prep.,out; outside
getutxa,/geˈtutʃa/,adj.,sharp; acute
getxame,/getˈʃame/,nf.,planet
getzak,/ˈgets̻ak/,nf.,queen
gexek,/ˈgeʃek/,nm.,bug
geye,/ˈgeje/,nm.,fashion
geyeu,/geˈjeu/,adj.,fashionable
gi,/gi/,num.,three
gi,/gi/,pron.,from him; from it
giba,/ˈgiba/,v.,bark; roar
gige,/ˈgige/,adj.,equal; equivalent
gigi,/ˈgigi/,nm.,lunch
gike,/ˈgike/,nf.,money; coin
giko,/ˈgiko/,v.,tell; speak; proclaim; explain; report; notify; inform
giko,/ˈgiko/,nm.,report
gille,/ˈgiʎe/,v.,shine; seem; radiate
gilleun,/giˈʎeun/,adj.,shiny
gin,/gin/,v.,rule
giñ,/giɲ/,num.,hundred
ginara,/giˈnaɾa/,nm.,ruler
ginda,/ˈginda/,v.,burn
gintoi,/ginˈtoi/,nm.,period (duration of time)
ginuk,/ˈginuk/,nf.,series
gira,/ˈgiɾa/,v.,join; tie
giraa,/giˈɾaa/,nm.,joint
giri,/ˈgiɾi/,nm.,magic
giru,/ˈgiɾu/,nm.,brother
giskla,/ˈgis̺kla/,nf.,holiday; vacation
gisklabi,/gis̺ˈklabi/,v.,break; crash; smash; snap; split; shatter
gisklabien,/ˌgis̺klaˈbien/,adj.,broken
gita,/ˈgita/,adj.,stable; steady; safe
giten,/ˈgiten/,nm.,paint
gitenara,/ˌgiteˈnaɾa/,nm.,painter
gits,/gits̺/,num.,seven
giu,/ˈgiu/,nf.,plane
go,/go/,pron.,who
go,/go/,pron.,her; it
gobiku,/goˈbiku/,nm.,instrument; device; gadget
gogo,/ˈgogo/,nf.,story; fable; novel; prose
gok,/gok/,adv.,most
goma,/ˈgoma/,nf.,capacity
gomo,/ˈgomo/,nf.,center; core; hub (center of activity)
gomou,/goˈmou/,adj.,central
gon,/gon/,adv.,not
goñ,/goɲ/,v.,compare; contrast
gondin,/ˈgondin/,adj.,blue
goñe,/ˈgoɲe/,nf.,matter (substance; material); content
goñen,/ˈgoɲen/,nm.,ash; coal; charcoal
goro,/ˈgoɾo/,adj.,general; generic
gorrti,/ˈgorti/,v.,act; behave
gorru,/ˈgoru/,nm.,beast
gota,/ˈgota/,v.,lead
gotara,/goˈtaɾa/,nm.,leader
gotobiñ,/goˈtobiɲ/,adj.,angry; mad
gots,/gots̺/,adv.,maybe; perhaps
gots,/gots̺/,det.,a
gotu,/ˈgotu/,nm.,country (nation)
gotzi,/ˈgots̻i/,adj.,excellent; fantastic; wonderful; fabulous; terrific; superb
gourri,/goˈuri/,nm.,article (text)
goxe,/ˈgoʃe/,nf.,clothes; clothing; garment
goxeta,/goˈʃeta/,v.,shift
goxun,/ˈgoʃun/,nm.,structure; system
goyi,/ˈgoji/,adj.,silent
goyo,/ˈgojo/,v.,complete
goyu,/ˈgoju/,nf.,flour
goze,/ˈgos̻e/,nf.,pocket
gozu,/ˈgos̻u/,nm.,rag
gu,/gu/,nm.,creek
guba,/ˈguba/,v.,roast
gubek,/ˈgubek/,adv.,clearly
guburru,/guˈburu/,adv.,exactly
gudeti,/guˈdeti/,adv.,suddenly
gudima,/guˈdima/,adv.,probably
gufazañ,/guˈfas̻aɲ/,nm.,penis
guga,/ˈguga/,nm.,mask
guge,/ˈguge/,v.,become (begin to be); become (change into)
guitzon,/guˈits̻on/,adv.,usually
guk,/guk/,nm.,top (clothing)
gukan,/ˈgukan/,adv.,previously
gukeye,/guˈkeje/,nm.,comfort
gukeyeu,/ˌgukeˈjeu/,adj.,comfortable
gulda,/ˈgulda/,adj.,gay; homosexual
guldi,/ˈguldi/,adj.,naked; nude
guldu,/ˈguldu/,v.,keep (not return)
gullun,/ˈguʎun/,v.,may
gume,/ˈgume/,nf.,butter
gumon,/ˈgumon/,adv.,recently
gumuna,/guˈmuna/,adv.,finally
gun,/gun/,v.,state; declare
guñ,/guɲ/,v.,write; draw
guña,/ˈguɲa/,nm.,pen
guñara,/guˈɲaɾa/,nm.,author; writer
guñara nezu,/guˈɲaɾa ˈnes̻u/,nf.,copyright
guneañ,/guˈneaɲ/,adv.,certainly
gunirerrde,/ˌguniˈɾerde/,adv.,quickly
guño,/ˈguɲo/,nm.,fan
gunten,/ˈgunten/,v.,behave
gunuon,/guˈnuon/,v.,tread; step on
guren,/ˈguɾen/,nm.,torch; lamp
gurrage,/guˈrage/,nf.,fluke
gurraten,/guˈraten/,nf.,chain
gurrdi,/ˈgurdi/,nm.,skeleton; hull
gurre,/ˈgure/,adj.,white; clear; transparent
gurre nite,/ˈgure ˈnite/,nm.,cabbage
gurro,/ˈguro/,v.,dig; bore
gurroun,/guˈroun/,adj.,boring
gurrta,/ˈgurta/,nm.,carpet; rug
gusarra,/guˈs̺ara/,adv.,simply
gusefu,/guˈs̺efu/,adv.,especially
guts,/guts̺/,nf.,nature; environment (natural world); habit
gutsats,/ˈguts̺ats̺/,adj.,natural
gutxe,/ˈgutʃe/,nf.,heaven; paradise
gutzi,/ˈguts̻i/,adv.,almost
guxa,/ˈguʃa/,v.,swallow
guyaskla,/guˈjas̺kla/,nf.,limit
guyu,/ˈguju/,v.,change
guyu,/ˈguju/,nm.,change
i,/i/,num.,six
i,/i/,pron.,his; its
i,/i/,det.,his
ian,/ˈian/,nf.,brush; brush (for hair); broom
ibe,/ˈibe/,v.,warn; alert
ifi,/ˈifi/,v.,accompany
ifu,/ˈifu/,v.,cure
ige,/ˈige/,nm.,job; task
igek,/ˈigek/,adj.,brown
ik,/ik/,conj.,because
ika,/ˈika/,nf.,blasphemy; heresy
ille,/ˈiʎe/,v.,hope
in,/in/,det.,no
in,/in/,pron.,at me
iñ,/iɲ/,nf.,child (son or daughter of any age)
inda,/ˈinda/,v.,affect
iñok,/ˈiɲok/,nf.,court (of law); tribunal
inu,/ˈinu/,adj.,orange
ira,/ˈiɾa/,nm.,position (location)
iraxun,/iˈɾaʃun/,nm.,nephew
irrak,/ˈirak/,nm.,shelf; rack
irrda,/ˈirda/,nm.,goal (objective)
irrdaniñ,/irˈdaniɲ/,nm.,chest
irri,/ˈiri/,nm.,worm
irrtañ,/ˈirtaɲ/,nf.,excrement
irruts,/ˈiruts̺/,nm.,chance; odds
iru,/ˈiɾu/,nm.,signal
iteyu,/iˈteju/,nm.,crack; fracture
iteyu,/iˈteju/,v.,crack
ito,/ˈito/,nm.,nation
itots,/ˈitots̺/,adj.,national
itu,/ˈitu/,nf.,beverage
itxan,/ˈitʃan/,v.,grow
itxo,/ˈitʃo/,v.,smile; smirk
itze,/ˈits̻e/,nf.,committee
itzon,/ˈits̻on/,adj.,usual
iu,/ˈiu/,v.,defecate
iuñ,/ˈiuɲ/,v.,promise; assure
iyoa,/iˈjoa/,adj.,soft
ize,/ˈis̻e/,nm.,vocabulary
izpi,/ˈis̻pi/,nm.,street; avenue
ka,/ka/,conj.,when
ka,/ka/,pron.,he; it
kabei,/kaˈbei/,nm.,bow (decorative material)
kaeru,/kaˈeɾu/,nf.,thunder
kafe,/ˈkafe/,adj.,cold
kafi,/ˈkafi/,v.,smell (emit odor); stink
kage,/ˈkage/,nm.,soil; clay; brick
kak,/kak/,adv.,when
kaka,/ˈkaka/,adj.,interior
kakats,/ˈkakats̺/,adj.,internal
kalli,/ˈkaʎi/,nm.,brass
kalliyu,/kaˈʎiju/,v.,drift; cruise; navigate
kallo,/ˈkaʎo/,v.,focus
kame,/ˈkame/,nm.,life (lifetime); life (soul)
kamuñ,/ˈkamuɲ/,num.,one
kan,/kan/,adj.,previous
kañ,/kaɲ/,adv.,again
kane,/ˈkane/,adj.,exotic
kanteñ,/ˈkanteɲ/,nm.,figure
kantots,/ˈkantots̺/,adj.,aroused (sexually)
karaki,/kaˈɾaki/,adj.,common; generic
karan,/ˈkaɾan/,nm.,event (occurrence)
kareñ,/ˈkaɾeɲ/,v.,miss (long for)
karits,/ˈkaɾits̺/,nf.,park
karra,/ˈkara/,adj.,necessary
karran,/ˈkaran/,adv.,actually
karrdun,/ˈkardun/,nm.,book; magazine
karrdunon,/karˈdunon/,nf.,library
karren,/ˈkaren/,v.,test; analyze; inspect; examine
karro,/ˈkaro/,nf.,trial
karun,/ˈkaɾun/,nm.,security
kasklinde,/kas̺ˈklinde/,adj.,tall
kasklots,/ˈkas̺klots̺/,nf.,technology
kasklotsats,/kas̺ˈklots̺ats̺/,adj.,technological
katan,/ˈkatan/,nm.,sand; dust
kate,/ˈkate/,nf.,ship
kato,/ˈkato/,v.,create; found
kats,/kats̺/,det.,all
katxe,/ˈkatʃe/,v.,deal; haggle
katxera,/katˈʃeɾa/,nm.,dealer
katxi,/ˈkatʃi/,nm.,horse
katxo,/ˈkatʃo/,nf.,phone
kaxik,/ˈkaʃik/,nf.,snow
kaxik,/ˈkaʃik/,v.,snow
kaxu,/ˈkaʃu/,nf.,box; crate
kaxue,/kaˈʃue/,nm.,trunk (large box)
kazoñ,/ˈkas̻oɲ/,v.,rate
kazoñ,/ˈkas̻oɲ/,nm.,rate
kazpu,/ˈkas̻pu/,v.,exercise; train
kazu,/ˈkas̻u/,v.,flirt
kazugo,/kaˈs̻ugo/,v.,borrow
kazuun,/kaˈs̻uun/,adj.,flirtatious
ke,/ke/,v.,know (a fact); know (be acquainted with)
ke,/ke/,det.,the
ke,/ke/,pron.,at you
kea,/ˈkea/,nm.,knowledge
keak,/ˈkeak/,v.,taste
kebo,/ˈkebo/,nf.,island
keferrde,/keˈferde/,nm.,staff
kege,/ˈkege/,nm.,distance
kegeu,/keˈgeu/,adj.,distant
kek,/kek/,prep.,near
keka,/ˈkeka/,v.,confess
keki,/ˈkeki/,nm.,father
kelda,/ˈkelda/,nm.,carcass
kelduñ,/ˈkelduɲ/,adj.,yellow
kema,/ˈkema/,nf.,reward; prize; medal
ken,/ken/,nf.,week
ken,/ken/,pron.,yours (pl)
ken,/ken/,det.,your (pl)
keñ,/keɲ/,nm.,gun; rifle; pistol
kene,/ˈkene/,adv.,later
kentin,/ˈkentin/,adj.,next
kentin kindirra,/ˈkentin kinˈdira/,nm.,tomorrow
keo,/ˈkeo/,nm.,jewel; gem; pearl
kerallo,/keˈɾaʎo/,nf.,berry; bean
kereñ,/ˈkeɾeɲ/,nm.,pin
kerin,/ˈkeɾin/,v.,count
kero,/ˈkeɾo/,v.,require; lack
kerrte,/ˈkerte/,nm.,cream
kerru,/ˈkeru/,nm.,culture
kerruts,/ˈkeruts̺/,adj.,cultural
kesklin,/ˈkes̺klin/,nf.,year
kesklin lu,/ˈkes̺klin lu/,nm.,season (quarter of the year)
keta,/ˈketa/,nm.,program
keti,/ˈketi/,nf.,sky; darling; heaven
kets,/kets̺/,v.,call (cry out); call (request the attendance of)
ketxats,/ˈketʃats̺/,adv.,about
ketxi,/ˈketʃi/,adj.,happy
keye,/ˈkeje/,adj.,curious
kiba,/ˈkiba/,nm.,mud
kibiki,/kiˈbiki/,adj.,full
kife,/ˈkife/,v.,offend
kifeun,/kiˈfeun/,adj.,offensive
kifo,/ˈkifo/,pron.,none
kigi,/ˈkigi/,nm.,column
kigo,/ˈkigo/,v.,defend; protect; secure; guard; resist; prevent
kigoa,/kiˈgoa/,nf.,insurance
kigu,/ˈkigu/,adj.,current
kik,/kik/,prep.,over
kikomo,/kiˈkomo/,nm.,hill; dune
kildu,/ˈkildu/,nf.,rock; stone; mountain
kin,/kin/,v.,work (have desired result)
kiñ,/kiɲ/,nm.,bone
kindirra,/kinˈdira/,nm.,day; date; world
kindo,/ˈkindo/,nf.,goat
kintin,/ˈkintin/,nf.,child (young human being)
kira,/ˈkiɾa/,adj.,green
kiratxa,/kiˈɾatʃa/,prep.,before
kirru,/ˈkiru/,nf.,coin; currency
kiru,/ˈkiɾu/,nf.,name
kirun,/ˈkiɾun/,v.,name
kiruñ,/ˈkiɾuɲ/,v.,smell (sense with nose)
kiskli,/ˈkis̺kli/,adv.,out
kitalde,/kiˈtalde/,nm.,size
kite,/ˈkite/,v.,impose; demand
kitek,/ˈkitek/,nm.,floor; ground; bottom (lowest part)
kiti,/ˈkiti/,nf.,pillow; cushion
kits,/kits̺/,adv.,well
kitu,/ˈkitu/,v.,invite
kixa,/ˈkiʃa/,nf.,shame; stigma
kixats,/ˈkiʃats̺/,adv.,always; all the time
kizilla,/kiˈs̻iʎa/,nf.,west
ko,/ko/,v.,want; need (lack); desire; choose
kobe,/ˈkobe/,v.,seem; appear
kobi,/ˈkobi/,pron.,everything
kofi,/ˈkofi/,v.,expect; anticipate
kok,/kok/,nm.,pepper
koke,/ˈkoke/,nf.,shirt; blouse
koldan,/ˈkoldan/,nf.,spring (season)
koldok,/ˈkoldok/,nm.,costume
kollifik,/koˈʎifik/,nf.,show (performance); ceremony
kon,/kon/,nm.,east
kon,/kon/,pron.,to you all
koñ,/koɲ/,nf.,information; data
konats,/ˈkonats̺/,v.,frown
konda,/ˈkonda/,nm.,wolf
konti,/ˈkonti/,nm.,thigh
korrek,/ˈkorek/,nf.,liquid
korrofi,/koˈrofi/,nm.,cloak
koto,/ˈkoto/,adj.,sick; ill; unwell
kots,/kots̺/,nm.,hand
kotze,/ˈkots̻e/,adj.,firm
kotzi,/ˈkots̻i/,nm.,leg; lap
kotzu,/ˈkots̻u/,nf.,victim
koxan,/ˈkoʃan/,adj.,cute
koxi,/ˈkoʃi/,v.,touch
koxo,/ˈkoʃo/,v.,accept
koya,/ˈkoja/,nm.,triangle
koye,/ˈkoje/,nm.,belly
koyiñ,/ˈkojiɲ/,v.,print
kozago,/koˈs̻ago/,nm.,pipe; valve; vent
kozolla,/koˈs̻oʎa/,adj.,clean; clear
kozolla,/koˈs̻oʎa/,v.,clean
kozu,/ˈkos̻u/,nf.,ice
ku,/ku/,det.,this
ku,/ku/,pron.,you all
ku,/ku/,pron.,this
kua,/ˈkua/,nf.,bed
kubagendo,/ˌkubaˈgendo/,nf.,muscle
kubo,/ˈkubo/,adj.,physical; tangible
kufe,/ˈkufe/,nm.,sex
kufe sek,/ˈkufe s̺ek/,v.,have sex
kufe zeki,/ˈkufe ˈs̻eki/,nf.,pubic hair
kufeu,/kuˈfeu/,adj.,sexual
kuk,/kuk/,nf.,daughter
kuk,/kuk/,pron.,mine
kuk,/kuk/,det.,my
kukoñ,/ˈkukoɲ/,nf.,servant
kulde,/ˈkulde/,nm.,mess
kuldeu,/kulˈdeu/,adj.,messy
kullizo,/kuˈʎis̻o/,v.,close; shut; expire
kun,/kun/,nf.,state (province; country)
kuñ,/kuɲ/,adv.,already
kundok,/ˈkundok/,adj.,similar
kuñe,/ˈkuɲe/,adj.,vague
kuntu,/ˈkuntu/,nf.,star; celebrity
kuntu larrtegu,/ˈkuntu larˈtegu/,nm.,astronomy
kurra,/ˈkura/,nm.,cousin
kurrdu,/ˈkurdu/,nf.,wind
kurrta,/ˈkurta/,nf.,soap
kurrti,/ˈkurti/,nm.,step (one level of stairs)
kurru,/ˈkuru/,nf.,stitch
kuru,/ˈkuɾu/,nm.,age
kute,/ˈkute/,nm.,flag; banner
kutek,/ˈkutek/,nm.,nerve
kutiman,/kuˈtiman/,nm.,fowl
kuts,/kuts̺/,num.,nine
kuxi,/ˈkuʃi/,nf.,advice
kuye,/ˈkuje/,v.,chew
kuzits,/ˈkus̻its̺/,pron.,anything
kuzun,/ˈkus̻un/,nm.,file; folder
la,/la/,prep.,from
la,/la/,pron.,me; I
laba,/ˈlaba/,nm.,south
labu,/ˈlabu/,v.,stay; remain
lafeñ,/ˈlafeɲ/,v.,relate; correlate; connect
lafeña,/laˈfeɲa/,nm.,relationship
lage,/ˈlage/,nf.,speed; velocity
lagenon,/laˈgenon/,nm.,oven
lago,/ˈlago/,nf.,wealth
lagou,/laˈgou/,adj.,rich
lak,/lak/,nf.,place; location; point; site; venue; time
lak,/lak/,v.,place
lako,/ˈlako/,adv.,soon; now
laldoñ,/ˈlaldoɲ/,nm.,corner
lallak,/ˈlaʎak/,nf.,salt; spice
lallen,/ˈlaʎen/,v.,discuss
lalli,/ˈlaʎi/,v.,stick; cling
lalliun,/laˈʎiun/,adj.,sticky
lallo,/ˈlaʎo/,v.,save; rescue
lamesklak,/laˈmes̺klak/,nm.,tool
lan,/lan/,nm.,man
lañe,/ˈlaɲe/,nm.,piece; member
lani,/ˈlani/,v.,bend; fold; lean
lañuk,/ˈlaɲuk/,nf.,belt; strap
laon,/ˈlaon/,v.,listen
larro,/ˈlaro/,adj.,silly
larrtegu,/larˈtegu/,nm.,science
larrtegura,/ˌlarteˈguɾa/,nf.,scientist
lati,/ˈlati/,nf.,witch
lato,/ˈlato/,nf.,block; cube
lats,/lats̺/,adv.,least
latu,/ˈlatu/,nf.,comb
latxats,/ˈlatʃats̺/,v.,travel; run
latza,/ˈlats̻a/,nf.,excuse
latzan,/ˈlats̻an/,v.,excuse
latze,/ˈlats̻e/,nm.,meat; fish
laxen,/ˈlaʃen/,v.,read
laxi,/ˈlaʃi/,adj.,fair; just
layo,/ˈlajo/,nm.,band (musical group)
laze,/ˈlas̻e/,nm.,pencil
lazpu,/ˈlas̻pu/,adj.,single
le,/le/,conj.,and
le,/le/,pron.,from her; from it
lefon,/ˈlefon/,v.,ask (invite)
lego,/ˈlego/,adj.,smooth; stable; steady; consistent
lek,/lek/,nm.,arm; branch (tree part)
leke,/ˈleke/,v.,float; skim
lelde,/ˈlelde/,adv.,therefore; thus
lelleñ,/ˈleʎeɲ/,nm.,ornament; accessory
lema,/ˈlema/,nf.,unit
len,/len/,nf.,military
leñ,/leɲ/,prep.,upon
leña,/ˈleɲa/,nm.,leaf; sheet; foliage
lente,/ˈlente/,adj.,flat
lera,/ˈleɾa/,v.,dance
lera lerrdu,/ˈleɾa ˈlerdu/,nm.,music
lerara,/leˈɾaɾa/,nm.,dancer
lerouñ,/leˈɾouɲ/,nf.,nose; beak
lerra,/ˈlera/,adj.,right; correct
lerrak,/ˈlerak/,v.,lend; loan; invest
lerran,/ˈleran/,nf.,stick
lerrayoñ,/leˈrajoɲ/,v.,deem; expect; understand; ponder; grasp
lerrdu,/ˈlerdu/,nm.,sound; voice
lerrta,/ˈlerta/,nm.,flood; tide
lerrte,/ˈlerte/,v.,serve
lerrtik,/ˈlertik/,v.,squeeze; clutch
letao,/leˈtao/,nm.,topic; theme
lete,/ˈlete/,nm.,coffee
lete ako,/ˈlete ˈako/,nm.,cafe
letena,/leˈtena/,adj.,complicated; complex
letin,/ˈletin/,prep.,like
lets,/lets̺/,nf.,drug; medicine
lets,/lets̺/,pron.,she; it
letson,/ˈlets̺on/,nm.,drugstore
letxok,/ˈletʃok/,nm.,wax
letzo,/ˈlets̻o/,nm.,alcohol
lexi,/ˈleʃi/,nm.,king
lexi meñ,/ˈleʃi meɲ/,nm.,prince
li,/li/,det.,which
li,/li/,pron.,them (masc); they (masc)
li,/li/,pron.,which
liba,/ˈliba/,interj.,yes
libi,/ˈlibi/,num.,zero
liboñ,/ˈliboɲ/,nm.,sadness; sorrow
liboñu,/liˈboɲu/,adj.,sad
lik,/lik/,prep.,about; concerning; regarding
liku,/ˈliku/,nf.,team; couple; pair
lilda,/ˈlilda/,adv.,less
lildurin,/lilˈduɾin/,det.,same
lilli,/ˈliʎi/,adj.,social
lin,/lin/,v.,would
liñ,/liɲ/,nm.,wound
lindots,/ˈlindots̺/,nf.,hell
lindots aun,/ˈlindots̺ ˈaun/,nf.,volcano
liñe,/ˈliɲe/,nf.,picture; image
lini,/ˈlini/,adj.,tight; tense
linu,/ˈlinu/,adj.,crazy; insane
liran,/ˈliɾan/,v.,mean (signify); imply
liro,/ˈliɾo/,nf.,canvas
lirrak,/ˈlirak/,nf.,skull
liru,/ˈliɾu/,nm.,basket
lita,/ˈlita/,nm.,riot
litañ,/ˈlitaɲ/,adj.,guilty
lits,/lits̺/,conj.,if; whether
lize,/ˈlis̻e/,adv.,off
liziga,/liˈs̻iga/,nf.,stand
lizo,/ˈlis̻o/,nm.,bag; luggage; baggage; packet
lizpets,/ˈlis̻pets̺/,v.,cough
lo,/lo/,nm.,world
lobe,/ˈlobe/,nf.,throne
lofe,/ˈlofe/,nm.,paper; contract
lofi,/ˈlofi/,v.,die
lofien,/loˈfien/,adj.,dead
lofien zuñ,/loˈfien s̻uɲ/,nm.,corpse
logaza,/loˈgas̻a/,nm.,spoon
logi,/ˈlogi/,v.,forget
lok,/lok/,v.,spit; hiss
lok,/lok/,pron.,from you
lok,/lok/,nm.,saliva
loka,/ˈloka/,nm.,sign
lollildo,/loˈʎildo/,nm.,fire
lomuldi,/loˈmuldi/,adj.,hard; difficult; solid
lon,/lon/,nm.,car
loñ,/loɲ/,nm.,wool
loñ,/loɲ/,pron.,you all
loñi,/ˈloɲi/,nf.,dog
loñits,/ˈloɲits̺/,nm.,puppy
lori,/ˈloɾi/,nm.,spear; lance; pike
lorra,/ˈlora/,v.,arrive; happen; occur
lorran,/ˈloran/,nf.,liver
lorre,/ˈlore/,adj.,main; premier
lorri,/ˈlori/,det.,enough
lorrti,/ˈlorti/,nf.,reversal
lotin,/ˈlotin/,interj.,goodbye
lots,/lots̺/,v.,hate; resent
lots,/lots̺/,pron.,yours
lots,/lots̺/,det.,your
lots,/lots̺/,nm.,hate
lotu,/ˈlotu/,prep.,except; besides
lotze,/ˈlots̻e/,v.,punish
lotzi,/ˈlots̻i/,adj.,round
lozi,/ˈlos̻i/,nm.,election; referendum
lozin,/ˈlos̻in/,v.,elect
lozo,/ˈlos̻o/,nm.,second (time)
lozpo,/ˈlos̻po/,nm.,finger; toe; hook; thumb
lozpo koyiñ,/ˈlos̻po ˈkojiɲ/,nm.,fingerprint
lu,/lu/,nm.,time; past; tense
lube,/ˈlube/,nf.,girl
luga,/ˈluga/,v.,emphasize
luk,/luk/,v.,agree; admit
luldan,/ˈluldan/,v.,aim
lullan,/ˈluʎan/,v.,marry
luma,/ˈluma/,nm.,average
lumi,/ˈlumi/,det.,whose
luñ,/luɲ/,adj.,large; massive; enormous
luña,/ˈluɲa/,nm.,case; situation (circumstances; context); incident
luni,/ˈluni/,nm.,volume
lunu,/ˈlunu/,nm.,rod; shaft; bar; pole; axle
luragan,/luˈɾagan/,nm.,forefather
lurrdi,/ˈlurdi/,v.,check; confirm
lurrdu,/ˈlurdu/,nm.,lip
lurrdu guña,/ˈlurdu ˈguɲa/,nf.,lipstick
lurrti,/ˈlurti/,nm.,violence
lurrtiu,/lurˈtiu/,adj.,violent
luts,/luts̺/,adj.,past
lutxu,/ˈlutʃu/,nm.,husband
luyi,/ˈluji/,v.,lay
luzi,/ˈlus̻i/,adj.,former
luzu,/ˈlus̻u/,v.,copy; imitate; replicate
ma,/ma/,prep.,with (using)
ma,/ma/,pron.,them (fem); they (fem)
mabañ,/ˈmabaɲ/,nm.,rake; fork
mabi,/ˈmabi/,nf.,fan (enthusiast)
mafoga,/maˈfoga/,nf.,fear
mak,/mak/,nf.,price; fee; bill; check; tariff
malle,/ˈmaʎe/,nm.,media
mama,/ˈmama/,v.,crawl
mamata,/maˈmata/,nm.,gold
mamatau,/ˌmamaˈtau/,adj.,golden
mame,/ˈmame/,v.,respect
mame,/ˈmame/,nf.,respect
mamekiñ,/maˈmekiɲ/,adj.,sour; bitter
mamu,/ˈmamu/,nm.,vein
man,/man/,v.,look; consider; scan
mañ,/maɲ/,adj.,busy
maña,/ˈmaɲa/,v.,ring
manden,/ˈmanden/,nm.,hood
manorru,/maˈnoru/,nf.,wrist; ankle
mantu,/ˈmantu/,nm.,uniform
mañuk,/ˈmaɲuk/,nf.,moss
mao,/ˈmao/,nf.,bowl; basin
maotuñ,/maˈotuɲ/,nm.,nostril
marrdu,/ˈmardu/,adj.,wide; broad
marrdu meño,/ˈmardu ˈmeɲo/,nm.,river
maru,/ˈmaɾu/,nm.,dress; uniform
masklan,/ˈmas̺klan/,nf.,heart; life (soul)
mata,/ˈmata/,v.,fall; collapse; stumble
mate,/ˈmate/,adj.,favorite; popular
matin,/ˈmatin/,v.,swim
matiñ,/ˈmatiɲ/,adv.,why
matiyo,/maˈtijo/,nm.,bulb (plant root)
mato,/ˈmato/,nf.,north
matoton,/maˈtoton/,v.,criticize
matotona,/ˌmatoˈtona/,nf.,critique
matotonun,/ˌmatoˈtonun/,adj.,critical
mats,/mats̺/,v.,know (be acquainted with)
matun,/ˈmatun/,nm.,percent
mazata,/maˈs̻ata/,nf.,record (written account)
mazatan,/maˈs̻atan/,v.,record
mazo,/ˈmas̻o/,adv.,also; as well
mazpu,/ˈmas̻pu/,v.,stretch; pull; yank
me,/me/,adj.,tired (needing rest)
me,/me/,pron.,theirs (fem)
me,/me/,det.,their (fem)
mebe,/ˈmebe/,nm.,police
mek,/mek/,nm.,moment
melda,/ˈmelda/,nf.,copper; bronze
meldo,/ˈmeldo/,nf.,step (footstep)
mellots,/ˈmeʎots̺/,v.,waste
men,/men/,interj.,okay
meñ,/meɲ/,nm.,son
mena,/ˈmena/,v.,destroy; devastate
mendarri,/menˈdari/,nm.,wine
mendarrin,/menˈdarin/,nm.,winery
mende,/ˈmende/,adj.,close; intimate
mende ba,/ˈmende ba/,v.,approach
mendo,/ˈmendo/,nf.,doctor
mene,/ˈmene/,nf.,guide
meñi,/ˈmeɲi/,interj.,hello; goodbye
meño,/ˈmeɲo/,nm.,stream; creek
menun,/ˈmenun/,v.,enjoy; appreciate
menuts,/ˈmenuts̺/,nf.,poem; lyrics
menutsara,/ˌmenutˈs̺aɾa/,nm.,poet
mete,/ˈmete/,nm.,frog
mets,/mets̺/,det.,many
meu,/ˈmeu/,nf.,area; region; territory
mexen,/ˈmeʃen/,v.,whistle
meza,/ˈmes̻a/,adj.,beautiful; attractive; pretty
mezaga,/meˈs̻aga/,v.,breathe
mezpan,/ˈmes̻pan/,v.,consider
mi,/mi/,adv.,too; so; very; really; also; as well
mia,/ˈmia/,nm.,swamp
mibaro,/miˈbaɾo/,nm.,throat
mife,/ˈmife/,conj.,while
mik,/mik/,adv.,only; merely
milde,/ˈmilde/,v.,fill
mimo,/ˈmimo/,nf.,greed
mimou,/miˈmou/,adj.,greedy
min,/min/,adj.,even; flat; smooth; sleek
miñ,/miɲ/,v.,practice
minda,/ˈminda/,nm.,boyfriend
mindi,/ˈmindi/,nm.,recipe
mira,/ˈmiɾa/,v.,recognize; diagnose
mirran,/ˈmiran/,adj.,fun
mirrde,/ˈmirde/,nm.,interview
mirrdon,/ˈmirdon/,nm.,neighbor
mirroñ,/ˈmiroɲ/,adj.,neat; fine (okay); elegant
mirrtek,/ˈmirtek/,v.,thank
mirrtera,/mirˈteɾa/,nf.,sister
mirrto,/ˈmirto/,v.,establish
mita,/ˈmita/,nm.,cloud; mist
mits,/mits̺/,v.,grow up; sprout
mitza,/ˈmits̻a/,nf.,rifle
mo,/mo/,adj.,new; recent
mobek,/ˈmobek/,nm.,pain; wound
mobeku,/moˈbeku/,adj.,painful
mobu,/ˈmobu/,nm.,land; earth; ground
mobu deldiñ,/ˈmobu ˈdeldiɲ/,nf.,potato
mobu larrtegu,/ˈmobu larˈtegu/,nm.,geography
mofo,/ˈmofo/,adv.,else
mok,/mok/,v.,understand; realize; comprehend
moka,/ˈmoka/,v.,request
molle,/ˈmoʎe/,nf.,wire
mollu,/ˈmoʎu/,nm.,male
momek,/ˈmomek/,nm.,puzzle
mon,/mon/,adj.,late
moñ,/moɲ/,adj.,real
moñ dollu,/moɲ ˈdoʎu/,nm.,essence
monañ,/ˈmonaɲ/,adj.,high
monañ berats,/ˈmonaɲ ˈbeɾats̺/,nm.,upper class
moru,/ˈmoɾu/,nf.,experiment
moto,/ˈmoto/,nm.,climate; temperature
mots,/mots̺/,nm.,career
motxan,/ˈmotʃan/,nf.,underwear
motxek,/ˈmotʃek/,nf.,tradition; ritual
moyok,/ˈmojok/,nf.,birth
mozi,/ˈmos̻i/,nm.,scale (instrument for weighing)
mozu,/ˈmos̻u/,nm.,battle
mu,/mu/,adv.,then
mubin,/ˈmubin/,adj.,weird; strange; peculiar
mue,/ˈmue/,nm.,grass
mugok,/ˈmugok/,v.,love
mugokara,/ˌmugoˈkaɾa/,nf.,lover
mui,/ˈmui/,nm.,window
muk,/muk/,v.,sneeze
mullon,/ˈmuʎon/,adv.,there
mun,/mun/,adv.,so; very; really; therefore; thus
muñ,/muɲ/,v.,pick
muna,/ˈmuna/,adj.,final
munda,/ˈmunda/,nm.,art
mundara,/munˈdaɾa/,nf.,artist
munte,/ˈmunte/,v.,damage; impair
munte,/ˈmunte/,nf.,damage
munuri,/muˈnuɾi/,nm.,race (competition); marathon
muo,/ˈmuo/,det.,few
mura,/ˈmuɾa/,adj.,hot; hot (attractive)
mura dame,/ˈmuɾa ˈdame/,nm.,cauldron
mura kesklin lu,/ˈmuɾa ˈkes̺klin lu/,nf.,summer
murats,/ˈmuɾats̺/,nm.,human
mure,/ˈmuɾe/,nm.,bee
murrda,/ˈmurda/,adv.,forever
murrdi,/ˈmurdi/,nf.,challenge
muskli,/ˈmus̺kli/,adj.,healthy
mute,/ˈmute/,nf.,wing
muts,/muts̺/,nm.,door
muxu,/ˈmuʃu/,nm.,soup
muya,/ˈmuja/,nm.,cave; hole; ditch; well
muzpe,/ˈmus̻pe/,nm.,glue
na,/na/,v.,cook (prepare food)
nabak,/ˈnabak/,nm.,prey
nabe,/ˈnabe/,nm.,trap
nabi,/ˈnabi/,nm.,feather
nabin,/ˈnabin/,v.,sew
nabo,/ˈnabo/,adj.,frequent
nafo,/ˈnafo/,v.,mean (intend)
nage,/ˈnage/,v.,face; fight; confront
nagi,/ˈnagi/,v.,pour; spill
nago,/ˈnago/,nm.,problem
nak,/nak/,pron.,something
nake,/ˈnake/,nf.,orgasm
namo,/ˈnamo/,v.,row
namuzo,/naˈmus̻o/,v.,cost
nan,/nan/,adj.,long
nañ,/naɲ/,v.,leave (let remain); abandon
nande,/ˈnande/,adv.,tomorrow
nani,/ˈnani/,v.,arrest; detain
nania,/naˈnia/,nf.,detention
nanti,/ˈnanti/,nf.,transport
nantu,/ˈnantu/,nf.,theater; stage
nare,/ˈnaɾe/,v.,exist
narrdu,/ˈnardu/,nf.,honor
narrta,/ˈnarta/,nm.,waist
narrtañ,/ˈnartaɲ/,v.,trick; deceive; bluff
narru,/ˈnaru/,v.,rise; climb; escalate
natak,/ˈnatak/,nm.,night
natak deña,/ˈnatak ˈdeɲa/,nm.,owl
nats,/nats̺/,v.,choose; select
natxuñ,/ˈnatʃuɲ/,nf.,ant
natzo,/ˈnats̻o/,prep.,against
naye,/ˈnaje/,v.,embrace
nayefa,/naˈjefa/,nm.,blood; race; ethnicity
nayefan,/naˈjefan/,v.,bleed
nayefau,/ˌnajeˈfau/,adj.,bloody
nazu,/ˈnas̻u/,conj.,than
ne,/ne/,adv.,where
neañ,/ˈneaɲ/,adj.,certain; sure
nebi,/ˈnebi/,nf.,rhythm
nefi,/ˈnefi/,adv.,just; barely; hardly
negito,/neˈgito/,v.,debate
nek,/nek/,prep.,under; below
nelde,/ˈnelde/,nf.,tea
nemen,/ˈnemen/,nf.,bitch
nen,/nen/,conj.,until
neñ,/neɲ/,nf.,sock
neña,/ˈneɲa/,nm.,month
nenik,/ˈnenik/,adj.,wrong
nerra,/ˈnera/,adj.,last (final); last (previous)
nerrtan,/ˈnertan/,nm.,half
nerrtu,/ˈnertu/,nm.,expression (look on someone's face)
neta,/ˈneta/,nm.,success
netan,/ˈnetan/,adj.,famous
netau,/neˈtau/,adj.,successful
neto,/ˈneto/,nm.,cat
netots,/ˈnetots̺/,nf.,kitten
nets,/nets̺/,nm.,friend
netsu,/ˈnets̺u/,adj.,friendly
nexok,/ˈneʃok/,nm.,lower class
nezu,/ˈnes̻u/,nf.,right; entitlement; privilege
ni,/ni/,v.,can
ni,/ni/,pron.,him; it
niats,/ˈniats̺/,v.,decide
nibits,/ˈnibits̺/,nm.,dream
nibitson,/niˈbits̺on/,v.,dream
nie,/ˈnie/,nm.,lounge; couch; sofa
nik,/nik/,nf.,school
nika,/ˈnika/,v.,cross
nikats,/ˈnikats̺/,adj.,academic
nillu,/ˈniʎu/,nm.,university
nin,/nin/,prep.,for (the purpose of)
niñ,/niɲ/,nf.,task; chore
nindu,/ˈnindu/,v.,work (be employed); work (toil)
nindu,/ˈnindu/,nf.,work
nindura,/ninˈduɾa/,nf.,worker; employee
nini,/ˈnini/,nm.,grandfather
nire,/ˈniɾe/,adj.,normal; regular; medium
nirerrde,/niˈɾerde/,adj.,quick; swift
niri,/ˈniɾi/,v.,push; press; propel
nirik,/ˈniɾik/,nf.,person
nirikats,/niˈɾikats̺/,adj.,personal
nirrañ,/ˈniraɲ/,nf.,issue; concern
nirrdo,/ˈnirdo/,nf.,morning
nirri,/ˈniri/,nm.,date
nirrtik,/ˈnirtik/,nm.,louse
nirrto,/ˈnirto/,v.,massage
nirrun,/ˈnirun/,nm.,leather
nita,/ˈnita/,v.,edit
nitan,/ˈnitan/,v.,abuse; torture; violate
nitana,/niˈtana/,nm.,abuse
nite,/ˈnite/,nf.,vegetable
niten,/ˈniten/,nm.,grocer
niton,/ˈniton/,nf.,look; appearance (looks)
nits,/nits̺/,adv.,ever
nituki,/niˈtuki/,nf.,niece
nitxak,/ˈnitʃak/,nm.,reason; logic; rationale
nitxakats,/nitˈʃakats̺/,adj.,logical
nitxaku,/nitˈʃaku/,adj.,reasonable
nitza,/ˈnits̻a/,nm.,source; origin; well; fountain
niyok,/ˈnijok/,nf.,snake
nize,/ˈnis̻e/,nf.,employee
nizpu,/ˈnis̻pu/,v.,own
nizpura,/nis̻ˈpuɾa/,nm.,owner
no,/no/,adj.,big; great (very large); huge; heavy
noban,/ˈnoban/,nf.,target; purpose; ambition
nofe,/ˈnofe/,nf.,awe
noge,/ˈnoge/,nm.,paste
nok,/nok/,nf.,trip; tour
nokok,/ˈnokok/,adj.,black
noldañ,/ˈnoldaɲ/,nm.,history
noletena,/ˌnoleˈtena/,v.,complicate
nomuna,/noˈmuna/,v.,finish
nomuna,/noˈmuna/,nf.,end
non,/non/,num.,two
noñ,/noɲ/,nm.,interest (curiosity; concern)
noro,/ˈnoɾo/,nf.,dirt
norou,/noˈɾou/,adj.,dirty
norrats,/ˈnorats̺/,nf.,diet
nota,/ˈnota/,adv.,behind
nots,/nots̺/,nf.,group; gang; crowd
noxe,/ˈnoʃe/,nm.,suburb
noxon,/ˈnoʃon/,v.,cause; induce
noye,/ˈnoje/,v.,return; go back
noye,/ˈnoje/,nm.,return
nu,/nu/,pron.,from me
nuiu,/nuˈiu/,nf.,oil; grease
nuk,/nuk/,nf.,wife
nuke,/ˈnuke/,nf.,shark
nullo,/ˈnuʎo/,nf.,shoulder
numa,/ˈnuma/,adj.,gray
nuñ,/nuɲ/,nm.,eye
nuñ aun,/nuɲ ˈaun/,nf.,eyelid
nuñ bixon,/nuɲ ˈbiʃon/,nf.,eyelash
nuñ deldiñ,/nuɲ ˈdeldiɲ/,nm.,eyeball
nuñ duxi,/nuɲ ˈduʃi/,nm.,glasses
nuñ eyan,/nuɲ ˈejan/,nf.,tear
nuñi,/ˈnuɲi/,nf.,cow
nunto,/ˈnunto/,nm.,evening
nura,/ˈnuɾa/,nm.,guy
nuro,/ˈnuɾo/,nm.,hat; helmet
nutatxe,/nuˈtatʃe/,nf.,fin (of fish)
nuts,/nuts̺/,v.,let; allow (let); enable
nutzoña,/nutˈs̻oɲa/,nm.,compliment
nuxa,/ˈnuʃa/,v.,share; divide; split; segregate
nuxarriñ,/nuˈʃariɲ/,nm.,credit (of money)
nuzi,/ˈnus̻i/,nm.,level (degree; stage)
nuzogu,/nuˈs̻ogu/,v.,divide; isolate
o,/o/,prep.,in; within; into; inside
oba,/ˈoba/,v.,display; show off
oe,/ˈoe/,v.,turn on
oezañ,/oˈes̻aɲ/,nm.,property
ofeñ,/ˈofeɲ/,v.,graduate
ofo,/ˈofo/,nm.,chin; jaw
ogara,/oˈgaɾa/,adj.,loud; noisy
ogigi,/oˈgigi/,nf.,bar (pub)
ok,/ok/,adj.,fine (okay)
ok,/ok/,pron.,you
oken,/ˈoken/,nf.,plot
ollo,/ˈoʎo/,nm.,peace
omu,/ˈomu/,nm.,tin
on,/on/,det.,more
oñ,/oɲ/,nm.,journey; tour; voyage
onan,/ˈonan/,nm.,back (of body); back (reverse side)
onda,/ˈonda/,nm.,candle
ondarro,/onˈdaro/,v.,tow
onelde,/oˈnelde/,nf.,god
onta,/ˈonta/,nf.,chemical
ontaxi,/onˈtaʃi/,adv.,quite; rather
ore,/ˈoɾe/,v.,throw; hurl; shoot; fire (detonate weapon); blast
ori,/ˈoɾi/,adj.,left
oriri,/oˈɾiɾi/,nf.,thorn
orrdi,/ˈordi/,nm.,station (railroad; bus)
orre,/ˈore/,v.,imagine; devise
orrogo,/oˈrogo/,v.,visit
orrogora,/ˌoroˈgoɾa/,nm.,visitor
orrogora,/ˌoroˈgoɾa/,nf.,tourist
ota,/ˈota/,nf.,tax
oti,/ˈoti/,v.,intend
otoge,/oˈtoge/,nm.,steel
ots,/ots̺/,det.,several
otxa,/ˈotʃa/,v.,kill; murder; execute
otxara,/otˈʃaɾa/,nm.,killer
otxaxe,/otˈʃaʃe/,nm.,stump
otxe,/ˈotʃe/,nf.,poison
otzen,/ˈots̻en/,nf.,minute
oyan,/ˈojan/,adv.,here
oyi,/ˈoji/,nf.,wave (ocean)
sa,/s̺a/,adv.,down
sa,/s̺a/,prep.,down
sabe,/ˈs̺abe/,adj.,bright
sabo,/ˈs̺abo/,nf.,business
safin,/ˈs̺afin/,nf.,kid
safo,/ˈs̺afo/,pron.,one
sagen,/ˈs̺agen/,v.,refer; attribute
sagi,/ˈs̺agi/,adj.,different; other; distinct; various
sak,/s̺ak/,prep.,without
sake,/ˈs̺ake/,v.,jerk
san,/s̺an/,v.,keep (save; retain); save
sañ,/s̺aɲ/,adj.,early
sani,/ˈs̺ani/,nm.,lizard
sañots,/ˈs̺aɲots̺/,v.,fail
sanu,/ˈs̺anu/,nm.,effort
sare,/ˈs̺aɾe/,nm.,scissors
sarra,/ˈs̺ara/,adj.,easy; simple; poor
sarrdi,/ˈs̺ardi/,nm.,dagger
sarrimak,/s̺aˈrimak/,adj.,lucky
sarrtañ,/ˈs̺artaɲ/,nm.,parcel; package; bundle
sarrto,/ˈs̺arto/,adj.,wet
sarru,/ˈs̺aru/,v.,settle; stay
sarun,/ˈs̺aɾun/,adj.,major
sata,/ˈs̺ata/,nm.,capital (city)
sato,/ˈs̺ato/,adj.,native
saton,/ˈs̺aton/,nf.,device; apparatus
sats,/s̺ats̺/,nf.,moon
satu,/ˈs̺atu/,nf.,century
saxallo,/s̺aˈʃaʎo/,v.,flow; leak; divert
se,/s̺e/,v.,could
sebak,/ˈs̺ebak/,nf.,ink
sebo,/ˈs̺ebo/,nf.,vagina
sebu,/ˈs̺ebu/,v.,nod
sefats,/ˈs̺efats̺/,adj.,warm
sefimo,/s̺eˈfimo/,nm.,ceiling; maximum
sefu,/ˈs̺efu/,adj.,special; rare; unique
sei,/ˈs̺ei/,nm.,shit
sek,/s̺ek/,v.,do; make; induce; put (cause to be)
seka,/ˈs̺eka/,nm.,screw
sekon,/ˈs̺ekon/,nf.,factory
sekullo,/s̺eˈkuʎo/,v.,shake; tremble; shock
sellets,/ˈs̺eʎets̺/,nm.,fruit
señ,/s̺eɲ/,v.,catch; grab
sena,/ˈs̺ena/,nm.,rule (law; regulation)
serrdi,/ˈs̺erdi/,nf.,trousers; pants
serrota,/s̺eˈrota/,nm.,beard
serrta,/ˈs̺erta/,nm.,cup; mug
seskli,/ˈs̺es̺kli/,nm.,profit
seten,/ˈs̺eten/,nm.,shell
seten mete,/ˈs̺eten ˈmete/,nf.,turtle
setin,/ˈs̺etin/,nm.,magazine
seto,/ˈs̺eto/,nm.,cell (room in a prison)
setoi,/s̺eˈtoi/,nm.,sun; light; candle
sets,/s̺ets̺/,nm.,dish; platter
sexille,/s̺eˈʃiʎe/,nm.,emotion; affection
sezi,/ˈs̺es̻i/,nf.,impulse
si,/s̺i/,prep.,for (in favor of)
siak,/ˈs̺iak/,nf.,female
sibo,/ˈs̺ibo/,v.,enter; invade
sifa,/ˈs̺ifa/,v.,argue
siforra,/s̺iˈfora/,adj.,smart; intelligent; clever
sigu,/ˈs̺igu/,nm.,bridge
sik,/s̺ik/,nm.,wall
sik bañ,/s̺ik baɲ/,nf.,citadel
siki,/ˈs̺iki/,nf.,chicken
sin,/s̺in/,nm.,house; home
siñ,/s̺iɲ/,v.,might
sinde,/ˈs̺inde/,nm.,visit
sindina,/s̺inˈdina/,nf.,reservation
sine,/ˈs̺ine/,nf.,mansion
sinta,/ˈs̺inta/,nf.,storm; turmoil
sinun,/ˈs̺inun/,adv.,yet
sio,/ˈs̺io/,v.,fuck (slang)
sirin,/ˈs̺iɾin/,nm.,afternoon
siro,/ˈs̺iɾo/,adj.,massive; enormous
siskle,/ˈs̺is̺kle/,nm.,page
sits,/s̺its̺/,v.,call (refer to by ); name
sixan,/ˈs̺iʃan/,v.,screw
siya,/ˈs̺ija/,v.,hit; punch
so,/s̺o/,num.,million
soga,/ˈs̺oga/,nf.,saddle
sogets,/ˈs̺ogets̺/,v.,last; survive
sok,/s̺ok/,nm.,family (children and parents)
somo,/ˈs̺omo/,nf.,kettle
son,/s̺on/,v.,value
son,/s̺on/,pron.,at him; at it
son,/s̺on/,nm.,value
soñ,/s̺oɲ/,pron.,someone; somebody
sorra,/ˈs̺ora/,v.,reveal
sorrda,/ˈs̺orda/,v.,deserve
sorrdo,/ˈs̺ordo/,v.,combine
soskla,/ˈs̺os̺kla/,v.,fly
sotu,/ˈs̺otu/,adj.,fat; obese
soyi,/ˈs̺oji/,nm.,winter
su,/s̺u/,num.,eight
su,/s̺u/,pron.,at you all
sube,/ˈs̺ube/,nm.,mathematics
sufa,/ˈs̺ufa/,adj.,best
sufi,/ˈs̺ufi/,nf.,conquest
sufu,/ˈs̺ufu/,v.,build; construct; erect; mold
sufua,/s̺uˈfua/,nm.,building
sufua ziyan,/s̺uˈfua ˈs̻ijan/,nm.,architecture
suk,/s̺uk/,nf.,scene
sulda,/ˈs̺ulda/,nm.,air; atmosphere
sun,/s̺un/,nm.,ball; bullet; sphere; circle; wheel
suñ,/s̺uɲ/,nf.,animal
sunia,/s̺uˈnia/,adj.,good; appropriate; nice; great (excellent)
suntu,/ˈs̺untu/,v.,steal; kidnap; rob; snatch
suñun,/ˈs̺uɲun/,adv.,yesterday
suo,/ˈs̺uo/,nm.,sin
suraga,/s̺uˈɾaga/,nm.,knee
surrdi,/ˈs̺urdi/,nm.,patient
sute,/ˈs̺ute/,nm.,pump
sutza,/ˈs̺uts̻a/,v.,lose
suye,/ˈs̺uje/,v.,save (put aside); collect
suza,/ˈs̺us̻a/,nf.,medicine
suza sin,/ˈs̺us̻a s̺in/,nm.,hospital
suzats,/ˈs̺us̻ats̺/,adj.,medical
u,/u/,prep.,of
u,/u/,pron.,ours
u,/u/,det.,our
ufo,/ˈufo/,v.,measure; compare
uge,/ˈuge/,adv.,ago
uk,/uk/,pron.,at us
un,/un/,v.,open
un,/un/,pron.,they (masc)
uñ,/uɲ/,adv.,that
una,/ˈuna/,nm.,opening
uña,/ˈuɲa/,nm.,hour
unti,/ˈunti/,v.,hiss
untu,/ˈuntu/,pron.,everyone
urrdo,/ˈurdo/,nm.,danger; hazard; risk; threat
urrdou,/urˈdou/,adj.,risky
urrdou,/urˈdou/,adj.,dangerous
usklun,/ˈus̺klun/,nm.,shoe; boot
uts,/uts̺/,nm.,family (related by blood)
utxi,/ˈutʃi/,nm.,verse; poem
utza,/ˈuts̻a/,v.,bite
utze,/ˈuts̻e/,nm.,intervention
uyits,/ˈujits̺/,nm.,button (pushbutton)
uyo,/ˈujo/,v.,contain
uze,/ˈus̻e/,nf.,cotton
uzi,/ˈus̻i/,v.,follow; stalk
uzokak,/uˈs̻okak/,nm.,order
uzokak,/uˈs̻okak/,v.,order
uzpo,/ˈus̻po/,nm.,color; hue
za,/s̻a/,num.,five
za,/s̻a/,pron.,you
zaba,/ˈs̻aba/,v.,drive; ride
zabara,/s̻aˈbaɾa/,nm.,driver
zabi,/ˈs̻abi/,nm.,community
zae,/ˈs̻ae/,nm.,weapon
zaen,/ˈs̻aen/,nm.,armory
zafi,/ˈs̻afi/,nm.,idiot
zagi,/ˈs̻agi/,nm.,room (of house)
zagumi,/s̻aˈgumi/,adj.,confident
zak,/s̻ak/,det.,both
zaka,/ˈs̻aka/,nf.,benefit; profit
zake,/ˈs̻ake/,v.,vote
zaki,/ˈs̻aki/,adj.,cheap
zako,/ˈs̻ako/,prep.,after
zakugi,/s̻aˈkugi/,nm.,character
zallezik,/s̻aˈʎes̻ik/,v.,acquire; inherit
zan,/s̻an/,v.,talk; speak; chat
zañ,/s̻aɲ/,nf.,law
zaña,/ˈs̻aɲa/,v.,treat
zañara,/s̻aˈɲaɾa/,nf.,lawyer
zañats,/ˈs̻aɲats̺/,adj.,legal
zandage,/s̻anˈdage/,nm.,card; badge; sheet
zañe,/ˈs̻aɲe/,v.,try (attempt); attempt
zaño,/ˈs̻aɲo/,nm.,sewer; drain
zañon,/ˈs̻aɲon/,v.,drain
zanta,/ˈs̻anta/,nf.,bullet
zara,/ˈs̻aɾa/,v.,sink; drown; descend
zari,/ˈs̻aɾi/,nm.,offer
zarin,/ˈs̻aɾin/,v.,offer
zarok,/ˈs̻aɾok/,v.,cry; weep
zarrdoñ,/ˈs̻ardoɲ/,v.,excite
zarrdutxe,/s̻arˈdutʃe/,nm.,cigarette; cigar
zarrege,/s̻aˈrege/,v.,add; combine
zarri,/ˈs̻ari/,v.,pay
zarrto,/ˈs̻arto/,nm.,flame
zarrto sexille,/ˈs̻arto s̺eˈʃiʎe/,nm.,agony
zarru,/ˈs̻aru/,adj.,pink
zaru,/ˈs̻aɾu/,adj.,private
zata,/ˈs̻ata/,nf.,line
zati,/ˈs̻ati/,nf.,collar
zats,/s̻ats̺/,adv.,still
zatxu,/ˈs̻atʃu/,nm.,secret
zatzogi,/s̻atˈs̻ogi/,v.,search; look up; explore; scan
zaxa,/ˈs̻aʃa/,nm.,crystal
zaxats,/ˈs̻aʃats̺/,nm.,side
zayin,/ˈs̻ajin/,adj.,ancient; antique
zayote,/s̻aˈjote/,nm.,prison; jail
zayotera,/ˌs̻ajoˈteɾa/,nm.,prisoner
zazaldin,/s̻aˈs̻aldin/,v.,cut; slash; shave
zazaldin dora,/s̻aˈs̻aldin ˈdoɾa/,nm.,razor
zazaldina,/ˌs̻as̻alˈdina/,nf.,cut
zazo,/ˈs̻as̻o/,v.,identify; point out
ze,/s̻e/,conj.,but
ze,/s̻e/,pron.,at her; at it
zeba,/ˈs̻eba/,nm.,empire
zebek,/ˈs̻ebek/,nf.,breeze
zefaku,/s̻eˈfaku/,v.,please
zefe,/ˈs̻efe/,nf.,bath
zefu,/ˈs̻efu/,v.,pray
zek,/s̻ek/,adv.,up
zek,/s̻ek/,prep.,up
zeki,/ˈs̻eki/,nm.,fur; mane
zekon,/ˈs̻ekon/,v.,deposit
zeldi,/ˈs̻eldi/,nf.,rib
zeman,/ˈs̻eman/,nf.,pile; heap; mound
zemi,/ˈs̻emi/,nf.,lock
zemira,/s̻eˈmiɾa/,nm.,locksmith
zemun,/ˈs̻emun/,v.,increase; expand; exacerbate
zeñ,/s̻eɲ/,nm.,decade
zena,/ˈs̻ena/,num.,billion
zeña,/ˈs̻eɲa/,adj.,poor
zene,/ˈs̻ene/,v.,jump
zeno,/ˈs̻eno/,v.,explain; discuss
zerats,/ˈs̻eɾats̺/,nm.,soul
zerra,/ˈs̻era/,v.,improve; refine
zerrek,/ˈs̻erek/,nm.,nest; treasure
zerri,/ˈs̻eri/,nf.,ticket; license; voucher
zeru,/ˈs̻eɾu/,adj.,quiet; subtle
zeti,/ˈs̻eti/,nf.,fool
zetxa,/ˈs̻etʃa/,nm.,research
zetxan,/ˈs̻etʃan/,v.,research
zetzi,/ˈs̻ets̻i/,v.,hint; imply; remind; indicate; express
zeyi,/ˈs̻eji/,v.,draw
zeyia,/s̻eˈjia/,nm.,drawing
zeyik,/ˈs̻ejik/,nf.,lot
zezi,/ˈs̻es̻i/,nm.,bread
zi,/s̻i/,v.,be (temporary state)
zi,/s̻i/,pron.,theirs (masc)
zi,/s̻i/,det.,their (masc)
ziban,/ˈs̻iban/,v.,teach; instruct; educate; coach; explain
zibanara,/ˌs̻ibaˈnaɾa/,nf.,teacher
zibe,/ˈs̻ibe/,nm.,partner
zibo,/ˈs̻ibo/,v.,leave (depart); depart
zigu,/ˈs̻igu/,adj.,hot (attractive)
zik,/s̻ik/,adj.,tired (needing sleep); tired (needing rest)
ziki,/ˈs̻iki/,nm.,wood; pole
zilda,/ˈs̻ilda/,nm.,future
zildu,/ˈs̻ildu/,nf.,metal
zildu gerra,/ˈs̻ildu ˈgera/,nf.,rail
zille,/ˈs̻iʎe/,v.,charge
zin,/s̻in/,prep.,by (using the means of); by (using a route)
ziñ,/s̻iɲ/,nm.,fact
ziña,/ˈs̻iɲa/,nm.,arch; arc; dome
zindo,/ˈs̻indo/,nf.,flower
zindora,/s̻inˈdoɾa/,nf.,florist
ziñe,/ˈs̻iɲe/,adj.,dark
zinu,/ˈs̻inu/,adj.,specific; definite; particular
zirinta,/s̻iˈɾinta/,v.,miss (not hit); miss (not take advantage of)
zirrdi,/ˈs̻irdi/,nm.,thought
zirrdin,/ˈs̻irdin/,v.,think
zirrdu,/ˈs̻irdu/,v.,register; book
zirri,/ˈs̻iri/,v.,worry
zita,/ˈs̻ita/,nm.,iron
zits,/s̻its̺/,nf.,range; spectrum; extent
zits,/s̻its̺/,det.,some
zitu,/ˈs̻itu/,nm.,environment (natural world)
zitxu,/ˈs̻itʃu/,adv.,somewhat; fairly; pretty
zixa,/ˈs̻iʃa/,adj.,middle
zixa berats,/ˈs̻iʃa ˈbeɾats̺/,nf.,middle class
zixa natak,/ˈs̻iʃa ˈnatak/,nm.,midnight
zixe,/ˈs̻iʃe/,v.,fit; apply
ziya,/ˈs̻ija/,v.,struggle
ziyan,/ˈs̻ijan/,nm.,style; tone
ziye,/ˈs̻ije/,adj.,stubborn
zizi,/ˈs̻is̻i/,adj.,fake
zizo,/ˈs̻is̻o/,nf.,breast
zizou,/s̻iˈs̻ou/,adj.,buxom
zizpa,/ˈs̻is̻pa/,nf.,insect
zizpi,/ˈs̻is̻pi/,nf.,market; mall
zo,/s̻o/,prep.,between; among
zo,/s̻o/,pron.,from us
zogi,/ˈs̻ogi/,nf.,shield
zogisklabi,/ˌs̻ogis̺ˈklabi/,v.,interrupt
zok,/s̻ok/,nm.,boy
zoke,/ˈs̻oke/,num.,third
zolliñ,/ˈs̻oʎiɲ/,nm.,stem
zome,/ˈs̻ome/,nf.,trauma; wound
zomi,/ˈs̻omi/,v.,vomit
zomo,/ˈs̻omo/,nm.,bench
zon,/s̻on/,adj.,young
zone,/ˈs̻one/,nf.,bill; check
zoñe,/ˈs̻oɲe/,adj.,perfect
zonok,/ˈs̻onok/,nf.,grade
zoren,/ˈs̻oɾen/,nm.,crown
zorra,/ˈs̻ora/,nf.,tie; knot
zorrdi,/ˈs̻ordi/,nm.,trouble
zorrte,/ˈs̻orte/,adj.,mean; vicious
zotae,/s̻oˈtae/,nm.,country (rural area)
zots,/s̻ots̺/,v.,describe; define
zotuk,/ˈs̻otuk/,v.,watch; look; monitor; spectate
zoza,/ˈs̻os̻a/,v.,stamp
zoza,/ˈs̻os̻a/,nm.,stamp
zozo,/ˈs̻os̻o/,nf.,effect
zozpak,/ˈs̻os̻pak/,v.,produce (manufacture)
zozpaka,/s̻os̻ˈpaka/,nm.,product (item made)
zu,/s̻u/,v.,have; must; have to; possess; include
zubak,/ˈs̻ubak/,nf.,gate; port
zufa,/ˈs̻ufa/,nm.,state (condition); condition (state)
zufi,/ˈs̻ufi/,adj.,blank
zuga,/ˈs̻uga/,v.,sell
zugara,/s̻uˈgaɾa/,nm.,vendor
zui,/ˈs̻ui/,v.,slip
zuk,/s̻uk/,prep.,including
zumiñ,/ˈs̻umiɲ/,nf.,bit
zumu,/ˈs̻umu/,nf.,amount; quantity
zun,/s̻un/,v.,win
zun,/s̻un/,pron.,from you all
zuñ,/s̻uɲ/,nf.,body
zuñe,/ˈs̻uɲe/,nf.,milk; semen
zunte,/ˈs̻unte/,nf.,castle; palace
zura,/ˈs̻uɾa/,nm.,desk; office
zurrde,/ˈs̻urde/,v.,guess; speculate; estimate
zurrdo,/ˈs̻urdo/,nf.,cheese
zurrek,/ˈs̻urek/,nm.,button (fastener for clothing)
zurro,/ˈs̻uro/,nm.,weather
zurrtu,/ˈs̻urtu/,nf.,garden
zurrtura,/s̻urˈtuɾa/,nf.,gardener
zuta,/ˈs̻uta/,nf.,web
zutirra,/s̻uˈtira/,v.,matter
zutolle,/s̻uˈtoʎe/,nf.,arrow (weapon)
zuts,/s̻uts̺/,det.,what
zuts,/s̻uts̺/,pron.,what
zuxa,/ˈs̻uʃa/,nf.,shadow
zuye,/ˈs̻uje/,v.,fix; mend; repair
zuyi,/ˈs̻uji/,nm.,claw
zuzpon,/ˈs̻us̻pon/,nm.,list
zuzu,/ˈs̻us̻u/,nm.,forehead; brow