Lirongian,Pronunciation,Part of speech,English
a,/a/,adv.,now
adelo,/ˈadelo/,n.,merchandise
adi,/ˈadi/,v.,study; learn; examine
adi,/ˈadi/,n.,study
adie,/ˈadie/,n.,exam
ado,/ˈado/,adj.,sweet
ado lit,/ˈado lit/,n.,sugar
adur,/ˈadur/,interj.,yes
ah,/ah/,n.,mother
ak,/ak/,n.,member
aku,/ˈaku/,n.,language
aku long,/ˈaku loŋ/,n.,accent (of a language)
ala,/ˈala/,v.,copy; imitate
aler,/ˈaler/,n.,earth
aler powe,/ˈaler ˈpowe/,n.,geography
alu,/ˈalu/,n.,shoulder
am,/am/,n.,process; procedure
ama,/ˈama/,n.,pen
ami,/ˈami/,n.,debt
amu,/ˈamu/,v.,accept; pardon
an,/an/,v.,request; appeal; demand
ang,/aŋ/,adj.,strong; tough; sturdy; robust; severe
ange,/ˈaŋe/,n.,project
anges,/ˈaŋes/,num.,nineteen
angga,/ˈaŋga/,n.,bottom (lowest part)
angi,/ˈaŋi/,n.,skill; talent
angis,/ˈaŋis/,adj.,skilled
angu,/ˈaŋu/,n.,strength
aot,/ˈaot/,v.,arrive; reach
aote,/ˈaote/,n.,arrival
apo,/ˈapo/,num.,billion
ar,/ar/,v.,pass; cross; excel
arèk,/ˈarɛk/,adj.,internal; interior
arèku,/ˈarɛku/,n.,interior
ari,/ˈari/,adj.,tight; tense
ariu,/ˈariu/,n.,tension
as,/as/,v.,jerk
asè,/ˈasɛ/,v.,damage; impair
asè,/ˈasɛ/,n.,damage
asu,/ˈasu/,v.,fit
at,/at/,num.,third
atu,/ˈatu/,adj.,light (weight)
awè,/ˈawɛ/,adj.,fake
awi,/ˈawi/,prep.,without
e,/e/,prep.,at
è,/ɛ/,v.,do
edè,/ˈedɛ/,n.,credit (recognition)
edu,/ˈedu/,v.,edit; refine
eh,/eh/,adv.,where
eim,/ˈeim/,n.,puzzle; maze
ek,/ek/,n.,ink
èk,/ɛk/,n.,item
èka,/ˈɛka/,v.,start; begin
èka,/ˈɛka/,n.,start; beginning
èkim,/ˈɛkim/,n.,trouble; problem
èkito,/ˈɛkito/,adj.,difficult
el,/el/,n.,star; celebrity
èl,/ɛl/,n.,person
el powe,/el ˈpowe/,n.,astronomy
el ringgu,/el ˈriŋgu/,n.,planet
èlas,/ˈɛlas/,adj.,personal
èlèr,/ˈɛlɛr/,n.,limit
eli,/ˈeli/,n.,reversal
èlizor,/ˈɛliʒor/,n.,mail
elola,/ˈelola/,n.,insect
em,/em/,v.,ask (invite); call (request the attendance of)
èm,/ɛm/,n.,feather
eme,/ˈeme/,v.,graduate
èmor,/ˈɛmor/,v.,focus; aim
èmuwo,/ˈɛmuwo/,adj.,green; fresh
en,/en/,n.,buttocks
èn,/ɛn/,n.,soil
ènè,/ˈɛnɛ/,adj.,pretty; cute
èng,/ɛŋ/,n.,building
èng long,/ɛŋ loŋ/,n.,architecture
ènggu,/ˈɛŋgu/,n.,chin; jaw; beard
ènging,/ˈɛŋiŋ/,n.,bell
èngo,/ˈɛŋo/,n.,horizon
engumon,/ˈeŋumon/,v.,work (function); work (have desired result)
èngute,/ˈɛŋute/,adj.,perfect; pure
ènguteu,/ˈɛŋuˌteu/,n.,perfection
epak,/ˈepak/,v.,permit; enable; approve
epem,/ˈepem/,v.,polish; refine
èpo,/ˈɛpo/,adj.,alone
er,/er/,num.,five
èr,/ɛr/,v.,feel (examine by touch)
es,/es/,n.,lip
ès,/ɛs/,n.,elbow
èse,/ˈɛse/,n.,article (text)
èt,/ɛt/,adj.,short; low
etèm,/ˈetɛm/,adv.,about
ètèm,/ˈɛtɛm/,adv.,never
ètewi,/ˈɛtewi/,n.,toy
eti,/ˈeti/,adj.,available
eto,/ˈeto/,n.,planet
ètok,/ˈɛtok/,n.,profit
etu,/ˈetu/,v.,put (place); put on
ewe,/ˈewe/,n.,lunch
ewè,/ˈewɛ/,n.,dungeon
èzo,/ˈɛʒo/,adj.,current
i,/i/,adv.,also; as well
i,/i/,pron.,I
idu,/ˈidu/,n.,edge; shore; verge; border; boundary; fringe
ih,/ih/,n.,military
ika,/ˈika/,n.,mind (thinking faculty)
ika powe,/ˈika ˈpowe/,n.,psychology
ika powee,/ˈika ˈpowee/,n.,psychologist
il,/il/,v.,swallow
ile,/ˈile/,adj.,special; unique
ilè,/ˈilɛ/,n.,pig
ileme,/ˈileme/,adv.,especially
iles,/ˈiles/,n.,fence
ileu,/ˈileu/,n.,characteristic
ili,/ˈili/,n.,linen
ilom,/ˈilom/,n.,bridge; platform
im,/im/,pron.,anything
imur,/ˈimur/,adj.,pretty
ing,/iŋ/,v.,hear
ingasa,/ˈiŋasa/,n.,dragon
inge,/ˈiŋe/,n.,hearing
inonge,/ˈinoŋe/,n.,distance; span
inonges,/ˈinoŋes/,adj.,distant
ipè,/ˈipɛ/,n.,experiment
ir,/ir/,v.,value
ira,/ˈira/,n.,victim
ire,/ˈire/,n.,value
iroh,/ˈiroh/,n.,restaurant; diner
iru,/ˈiru/,n.,west
is,/is/,v.,burn; cook (heat food); light; simmer
it,/it/,v.,murder
italo,/ˈitalo/,n.,room (of house)
ite,/ˈite/,n.,steam
itèng,/ˈitɛŋ/,v.,pour; flow
iter,/ˈiter/,n.,trunk (large box)
izalè,/ˈiʒalɛ/,n.,business
izalè italo,/ˈiʒalɛ ˈitalo/,n.,office
la,/la/,prep.,of
lada,/ˈlada/,n.,screw
lah,/lah/,n.,cave
lak,/lak/,n.,interview
laka,/ˈlaka/,n.,card; badge; sheet
lakeh,/ˈlakeh/,n.,prostitute
lakon,/ˈlakon/,num.,twenty
lal,/lal/,n.,letter (of an alphabet)
lale,/ˈlale/,v.,trick; deceive
lalès,/ˈlalɛs/,n.,alphabet
lalet,/ˈlalet/,v.,decide
lalete,/ˈlalete/,n.,decision
lalin,/ˈlalin/,v.,practice
lalitè,/ˈlalitɛ/,adj.,naked; nude
lalut,/ˈlalut/,n.,technology
lalutas,/ˈlalutas/,adj.,technological
lam,/lam/,n.,family (related by blood)
lan,/lan/,n.,bread
lanar,/ˈlanar/,v.,arrest
lanè,/ˈlanɛ/,v.,drown; suffocate
lang,/laŋ/,adj.,able; capable; competent
langas,/ˈlaŋas/,n.,forest; jungle
langèr,/ˈlaŋɛr/,v.,buy; purchase
langginggu,/ˈlaŋgiŋgu/,v.,wash
lango,/ˈlaŋo/,n.,hospital; ward
langu,/ˈlaŋu/,n.,ability
lapa,/ˈlapa/,adj.,exotic
lapè,/ˈlapɛ/,n.,mess
lapès,/ˈlapɛs/,adj.,messy
lapo,/ˈlapo/,n.,south
lar,/lar/,n.,state (province; country); government
las,/las/,n.,eye; eyeball
las pèrè,/las ˈpɛrɛ/,n.,glasses
las suki,/las ˈsuki/,n.,eyelash
lasa,/ˈlasa/,v.,starve
lasè,/ˈlasɛ/,n.,waist
laso,/ˈlaso/,n.,instrument; tool; equipment; fixture
lat,/lat/,n.,memory
lata,/ˈlata/,n.,daughter
lati,/ˈlati/,n.,device; equipment; gadget; fixture
latih,/ˈlatih/,n.,alcohol; liquor
lating,/ˈlatiŋ/,v.,employ
latinge,/ˈlatiŋe/,n.,employer
latu,/ˈlatu/,pron.,everybody
latung,/ˈlatuŋ/,v.,remember
lau,/ˈlau/,n.,anxiety
laus,/ˈlaus/,adj.,anxious
lawa,/ˈlawa/,n.,cream; milk
lawekot,/ˈlawekot/,n.,claw
lawi,/ˈlawi/,n.,muscle
lazam,/ˈlaʒam/,v.,lend; loan; invest
lazo,/ˈlaʒo/,n.,tongue; language; dialect
le,/le/,adv.,not
le,/le/,det.,their
lè,/lɛ/,n.,sun; day
leda,/ˈleda/,v.,report; notify; inform
leda,/ˈleda/,n.,report
ledor,/ˈledor/,adj.,wide; broad
ledoru,/ˈledoru/,n.,width
ledu,/ˈledu/,adj.,gentle
lèdut,/ˈlɛdut/,n.,bitch
lèe,/ˈlɛe/,n.,look; appearance (looks)
leh,/leh/,v.,move; come; enter; happen; occur; penetrate
lèh,/lɛh/,n.,time; moment; tense
lehe,/ˈlehe/,n.,movement; motion
lehe,/ˈlehe/,n.,entrance
lèher,/ˈlɛher/,n.,clock
lek,/lek/,v.,sell
lek,/lek/,n.,sale
lèk,/lɛk/,n.,conquest
leke,/ˈleke/,n.,vendor
leko,/ˈleko/,adj.,massive; enormous
lèkur,/ˈlɛkur/,n.,shelf; rack
lekus,/ˈlekus/,adj.,violent
lekusu,/ˈlekusu/,n.,violence
lel,/lel/,v.,sneeze
lèl,/lɛl/,n.,market
lela,/ˈlela/,adj.,empty; vacant; hollow; naked; nude
lèlèh,/ˈlɛlɛh/,n.,flesh
lelo,/ˈlelo/,adj.,funny; absurd
lèlong,/ˈlɛloŋ/,n.,guy
lelor,/ˈlelor/,n.,earthquake
lelu,/ˈlelu/,adv.,off
lèlu,/ˈlɛlu/,v.,receive; get; acquire
lem,/lem/,adv.,when
lèm,/lɛm/,v.,cook (prepare food)
lema,/ˈlema/,v.,touch; feel (sense by touch)
lemak,/ˈlemak/,n.,news
lemalu,/ˈlemalu/,v.,register; book
lemi,/ˈlemi/,v.,call (refer to by ); name
lemo,/ˈlemo/,adj.,stable; steady; calm; safe
lemoal,/ˈlemoal/,v.,balance
len,/len/,v.,lay; fuck (slang)
leng,/leŋ/,n.,number
lèng,/lɛŋ/,n.,river; stream; creek
lènggu,/ˈlɛŋgu/,adv.,why
lengo,/ˈleŋo/,n.,silver
lengu,/ˈleŋu/,n.,curve; curl
lepa,/ˈlepa/,pron.,one
lepe,/ˈlepe/,n.,heart; life (soul)
lèpe,/ˈlɛpe/,v.,boil
lèpèng,/ˈlɛpɛŋ/,n.,meat; fish
lepi,/ˈlepi/,v.,shift
lèpu,/ˈlɛpu/,v.,excite; inspire
lèpue,/ˈlɛpue/,n.,excitement
ler,/ler/,num.,four
lèr,/lɛr/,n.,transport
lerèl,/ˈlerɛl/,n.,heaven; paradise
lero,/ˈlero/,n.,flower
leroe,/ˈleroe/,n.,florist
leru,/ˈleru/,n.,glue
lèru,/ˈlɛru/,n.,frame; hull; torso
les,/les/,adv.,behind; back
lès,/lɛs/,n.,parent
les lurum,/les ˈlurum/,n.,backpack
lèsul,/ˈlɛsul/,n.,pencil
let,/let/,v.,suggest; hint; imply
let,/let/,n.,hint
lèt,/lɛt/,n.,shit
letak,/ˈletak/,v.,spend
letar,/ˈletar/,n.,shell
lete,/ˈlete/,n.,suggestion
lètè,/ˈlɛtɛ/,n.,crime; felony
lètèe,/ˈlɛtɛe/,n.,criminal
leti,/ˈleti/,n.,land; earth; ground
lèti,/ˈlɛti/,v.,relate; affiliate; correlate
lètis,/ˈlɛtis/,n.,relationship
lèto,/ˈlɛto/,n.,stick; bat (club)
lètuh,/ˈlɛtuh/,n.,soap
lèu,/ˈlɛu/,n.,belt
leza,/ˈleʒa/,n.,campaign
lèzi,/ˈlɛʒi/,n.,flood
lèzima,/ˈlɛʒima/,n.,scale (skin of reptiles)
li,/li/,prep.,between; among
lidudu,/ˈlidudu/,n.,dress; skirt; costume; gown
lih,/lih/,n.,home
lik,/lik/,v.,continue; keep (continue); last; remain
likang,/ˈlikaŋ/,v.,appreciate
liki,/ˈliki/,n.,coat; jacket
lil,/lil/,v.,hope
lil,/lil/,n.,hope
lilang,/ˈlilaŋ/,n.,niece
lilangeng,/ˈlilaŋeŋ/,v.,drift; sail; cruise; navigate
lilè,/ˈlilɛ/,v.,execute
lilèta,/ˈlilɛta/,conj.,although; though
lima,/ˈlima/,v.,torture
lin,/lin/,n.,line; stripe
linan,/ˈlinan/,n.,roof
ling,/liŋ/,n.,door; gate; exit; port
lingge,/ˈliŋge/,v.,use; utilize
lingge,/ˈliŋge/,n.,use
linggo,/ˈliŋgo/,n.,scissors
lipem,/ˈlipem/,v.,travel
lir,/lir/,n.,woman
liri,/ˈliri/,adj.,hot (attractive)
lis,/lis/,n.,lot
lisi,/ˈlisi/,n.,rhythm
lit,/lit/,n.,salt; spice
litè,/ˈlitɛ/,v.,help; assist; treat
litè,/ˈlitɛ/,n.,help
liter,/ˈliter/,v.,bake
liti,/ˈliti/,v.,cause; induce; provoke; generate
litie,/ˈlitie/,n.,cause
litil,/ˈlitil/,n.,tin
lito,/ˈlito/,n.,needle; pin
litu,/ˈlitu/,n.,decade
litul,/ˈlitul/,adj.,delicious
liu,/ˈliu/,n.,farm; pasture
liue,/ˈliue/,n.,farmer
liwu,/ˈliwu/,v.,cry; shout; mourn
lizil,/ˈliʒil/,n.,idiot
lo,/lo/,n.,way; manner
loda,/ˈloda/,n.,fear
lodi,/ˈlodi/,n.,moss
loh,/loh/,v.,display; show off; advertise; reveal
lohe,/ˈlohe/,n.,advertisement
lok,/lok/,v.,call (cry out)
loka,/ˈloka/,n.,army
loku,/ˈloku/,adj.,left
lokuk,/ˈlokuk/,n.,beauty
lokukès,/ˈlokukɛs/,adj.,beautiful
loliton,/ˈloliton/,n.,fort; castle; citadel
lom,/lom/,n.,team; couple
loman,/ˈloman/,v.,ban; prohibit; veto
lon,/lon/,n.,trade
long,/loŋ/,n.,style; fashion
longès,/ˈloŋɛs/,adj.,fashionable
longgot,/ˈloŋgot/,n.,hair (of body); fur
longi,/ˈloŋi/,prep.,into; inside
lopeh,/ˈlopeh/,n.,doll; puppet
lopo,/ˈlopo/,v.,realize
lor,/lor/,adj.,right (direction)
lorè,/ˈlorɛ/,adv.,ever
loro,/ˈloro/,n.,key
lorok,/ˈlorok/,v.,drag; pull
los,/los/,n.,issue; concern
lot,/lot/,v.,kill; murder; destroy
lote,/ˈlote/,n.,killer
lote,/ˈlote/,n.,destruction
loti,/ˈloti/,v.,prove
loul,/ˈloul/,adj.,smart; intelligent; clever
lowul,/ˈlowul/,v.,screw
lozi,/ˈloʒi/,n.,balcony; porch
lozur,/ˈloʒur/,n.,boss
lozur,/ˈloʒur/,n.,leader
lu,/lu/,v.,say; tell; state; recite; confess; mention; instruct; order; impose; express
lude,/ˈlude/,n.,bird
ludi,/ˈludi/,n.,wound
luimu,/ˈluimu/,n.,trunk (of tree)
luk,/luk/,adj.,tired (needing sleep); tired (needing rest)
lukang,/ˈlukaŋ/,n.,effect
lukè,/ˈlukɛ/,n.,trip
lukin,/ˈlukin/,v.,hang
luko,/ˈluko/,v.,record
lukos,/ˈlukos/,n.,record
luku,/ˈluku/,n.,noise
lul,/lul/,v.,miss (not hit); miss (not take advantage of)
lula,/ˈlula/,v.,bark; roar
lule,/ˈlule/,n.,dream; fantasy
lule,/ˈlule/,v.,dream
lulè,/ˈlulɛ/,adj.,excellent; fantastic
lulèt,/ˈlulɛt/,adv.,therefore; thus
lulo,/ˈlulo/,n.,species
lulol,/ˈlulol/,adj.,thick; wide; broad; fat
lulolu,/ˈlulolu/,n.,fat (bodily substance)
lulun,/ˈlulun/,adj.,last (final); last (previous)
lum,/lum/,v.,let; allow (let); certify; enable
lumanè,/ˈlumanɛ/,adj.,vulgar
lumarur,/ˈlumarur/,n.,head
lume,/ˈlume/,n.,permission
lumès,/ˈlumɛs/,n.,certificate
lumu,/ˈlumu/,n.,wrist; ankle
lumu pèmi,/ˈlumu ˈpɛmi/,n.,bracelet
lun,/lun/,adj.,whole; entire
lune,/ˈlune/,n.,prey
lunen,/ˈlunen/,adv.,otherwise
lung,/luŋ/,v.,try (strive); struggle
lungèng,/ˈluŋɛŋ/,v.,save; rescue
lungga,/ˈluŋga/,v.,sit
lunggisu,/ˈluŋgisu/,adj.,dark
lunggisuu,/ˈluŋgiˌsuu/,n.,darkness
lunggongong,/ˈluŋgoŋoŋ/,v.,miss (long for)
lunggu,/ˈluŋgu/,n.,knee
lunu,/ˈlunu/,n.,paint
lunue,/ˈlunue/,n.,painter
lupo,/ˈlupo/,n.,soldier
lupu,/ˈlupu/,n.,right; entitlement
lur,/lur/,v.,die
lure,/ˈlure/,n.,death
lure nus,/ˈlure nus/,n.,coffin
lurèr,/ˈlurɛr/,adj.,dead
luro,/ˈluro/,n.,color; hue
lurudo,/ˈlurudo/,v.,smell (emit odor); stink
lurum,/ˈlurum/,n.,bag; suitcase; packet
lus,/lus/,n.,reason; logic
lusa,/ˈlusa/,v.,fly
lusae,/ˈlusae/,n.,flight
lusangga,/ˈlusaŋga/,n.,reservation
lusanggang,/ˈlusaŋgaŋ/,v.,reserve
lusas,/ˈlusas/,adj.,logical
lusès,/ˈlusɛs/,adj.,reasonable
lusit,/ˈlusit/,n.,figure
lut,/lut/,n.,dinner
lute,/ˈlute/,n.,gun; pistol
lutu,/ˈlutu/,n.,wolf
lutuker,/ˈlutuker/,n.,nerve
luze,/ˈluʒe/,n.,brain
luzu,/ˈluʒu/,n.,bottle
na,/na/,v.,feel (perceive; sense); feel (sense by touch)
nadè,/ˈnadɛ/,adj.,fine (okay)
nadi,/ˈnadi/,n.,road; street; avenue; trail; pavement
nae,/ˈnae/,n.,feeling
nah,/nah/,adv.,sometimes
nak,/nak/,adj.,plain
nal,/nal/,v.,deal
nala,/ˈnala/,n.,flame
nale,/ˈnale/,n.,stem
nale,/ˈnale/,n.,dealer
nalor,/ˈnalor/,prep.,against
nalu,/ˈnalu/,num.,thirteen
nam,/nam/,n.,body
nama,/ˈnama/,num.,seventeen
namu,/ˈnamu/,n.,band (musical group)
nan,/nan/,prep.,across
nang,/naŋ/,adv.,just
nanggèt,/ˈnaŋgɛt/,n.,present; gift
nanggèt ru,/ˈnaŋgɛt ru/,n.,souvenir
nanggong,/ˈnaŋgoŋ/,n.,impulse
nanu,/ˈnanu/,n.,pool
napèl,/ˈnapɛl/,n.,engine; motor
nar,/nar/,n.,brush; beard; brush (for hair); broom
nari,/ˈnari/,v.,might
narune,/ˈnarune/,n.,acid
nas,/nas/,v.,separate; divide; isolate
naso,/ˈnaso/,v.,change; vary
naso,/ˈnaso/,n.,change
nat,/nat/,n.,fool
natèta,/ˈnatɛta/,v.,collect; congregate; gather; accumulate
nati,/ˈnati/,n.,brass
nato,/ˈnato/,adj.,probable
natome,/ˈnatome/,adv.,probably
natu,/ˈnatu/,v.,pay
naumal,/ˈnaumal/,v.,combine
nazè,/ˈnaʒɛ/,n.,volume
nazus,/ˈnaʒus/,n.,web; net
ne,/ne/,prep.,from
nè,/nɛ/,v.,get; obtain
neda,/ˈneda/,v.,support; brace
neda,/ˈneda/,n.,support
neh,/neh/,v.,clear
nèh,/nɛh/,n.,culture
nèhas,/ˈnɛhas/,adj.,cultural
nehime,/ˈnehime/,adv.,clearly
nei,/ˈnei/,n.,staff
nek,/nek/,prep.,over
nèk,/nɛk/,v.,fall; tumble
nekè,/ˈnekɛ/,n.,brothel
nèkè,/ˈnɛkɛ/,n.,steel; iron
nèkèwè,/ˈnɛkɛwɛ/,v.,guess; speculate
nèkèwè,/ˈnɛkɛwɛ/,n.,guess
nekong,/ˈnekoŋ/,n.,tomb
nèku,/ˈnɛku/,adj.,plausible
nel,/nel/,n.,front; facade
nèluh,/ˈnɛluh/,n.,crown
nelung,/ˈneluŋ/,v.,earn
nèlut,/ˈnɛlut/,v.,lead
nem,/nem/,adj.,crazy; insane
nemong,/ˈnemoŋ/,n.,purpose
nèmu,/ˈnɛmu/,n.,winter
nen,/nen/,num.,eight
neng,/neŋ/,v.,see; understand; look; grasp; read; detect; perceive; distinguish; foresee; date; go out; stare
nèng,/nɛŋ/,v.,play (have fun)
nenge,/ˈneŋe/,n.,paper; document
nenge,/ˈneŋe/,n.,perception
nènge,/ˈnɛŋe/,n.,player
nènget,/ˈnɛŋet/,n.,economy
nèngetas,/ˈnɛŋetas/,adj.,economic
nenggi,/ˈneŋgi/,n.,store; shop; salon
nenggi,/ˈneŋgi/,v.,shop
nènung,/ˈnɛnuŋ/,v.,whistle; hiss
nepè,/ˈnepɛ/,n.,wheel
ner,/ner/,n.,music
nèr,/nɛr/,n.,unit
nera,/ˈnera/,v.,elect
nerae,/ˈnerae/,n.,election
nèri,/ˈnɛri/,n.,capital (city)
nero,/ˈnero/,n.,afternoon
nes,/nes/,adv.,how
nès,/nɛs/,n.,boat; ship; yacht
nese,/ˈnese/,n.,bar (pub)
nèse,/ˈnɛse/,n.,sailor
nesupi,/ˈnesupi/,n.,sheep
net,/net/,n.,bedroom
nèt,/nɛt/,adj.,right; correct; appropriate; moral
netalir,/ˈnetalir/,n.,basket
nete,/ˈnete/,n.,success; profit
nètè,/ˈnɛtɛ/,pron.,everyone
netes,/ˈnetes/,adj.,successful
neti,/ˈneti/,n.,face; side; front; expression; character; facade; surface
nèu,/ˈnɛu/,v.,repeat; replicate
nèue,/ˈnɛue/,n.,repetition
nèwi,/ˈnɛwi/,v.,throw; toss; hurl
newini,/ˈnewini/,v.,matter
newuk,/ˈnewuk/,n.,tea
ni,/ni/,det.,your
nih,/nih/,n.,range; year; period (duration of time); spectrum; extent
niko,/ˈniko/,adj.,big; great (very large); huge; massive; enormous
niko lin,/ˈniko lin/,n.,tiger
niko wiwu,/ˈniko ˈwiwu/,n.,thumb
nil,/nil/,v.,own
nila,/ˈnila/,n.,air; gas; oxygen; weather
nila pulongo,/ˈnila ˈpuloŋo/,n.,throat
nile,/ˈnile/,n.,owner
nilèm,/ˈnilɛm/,n.,partner
nilu,/ˈnilu/,n.,magic
nim,/nim/,v.,build; construct; erect; assemble
nin,/nin/,v.,want
ninè,/ˈninɛ/,adv.,well
ning,/niŋ/,n.,wall
ningawam,/ˈniŋawam/,n.,monster
ninggè,/ˈniŋgɛ/,adj.,quick; swift
ninggème,/ˈniŋgɛme/,adv.,quickly
ningu,/ˈniŋu/,n.,flag; banner
ninu,/ˈninu/,n.,plane
nio,/ˈnio/,adv.,least
nir,/nir/,prep.,upon
nis,/nis/,v.,investigate; inspect; examine; interrogate; probe
nisi,/ˈnisi/,v.,invite
nit,/nit/,n.,source; origin; well; fountain; resource
nitèh,/ˈnitɛh/,n.,stage
niti,/ˈniti/,n.,powder
nodès,/ˈnodɛs/,n.,eyelid
noh,/noh/,n.,rule (law; regulation)
nok,/nok/,v.,crush; grind; crumple; cram
noking,/ˈnokiŋ/,n.,moon
nokong,/ˈnokoŋ/,n.,offer
nokong,/ˈnokoŋ/,v.,offer
nol,/nol/,v.,control
nol,/nol/,n.,control
nom,/nom/,v.,stand; stay; remain
nomo,/ˈnomo/,n.,art; craft
nomoe,/ˈnomoe/,n.,artist
non,/non/,adj.,private
nong,/noŋ/,adj.,general; generic
nonga,/ˈnoŋa/,v.,frown
nongek,/ˈnoŋek/,n.,rake
nongge,/ˈnoŋge/,v.,sew
nongu,/ˈnoŋu/,v.,teach; instruct; coach; explain
nongue,/ˈnoŋue/,n.,teacher
nor,/nor/,n.,speed; velocity
nora,/ˈnora/,adj.,thin (narrow)
nore,/ˈnore/,n.,smoke; fog
nos,/nos/,n.,event (occurrence)
not,/not/,v.,know (be acquainted with)
nota,/ˈnota/,n.,wave (ocean)
noti,/ˈnoti/,v.,fire (from job)
notor,/ˈnotor/,n.,wood; pole
notor pilo,/ˈnotor ˈpilo/,n.,bark (of tree)
noze,/ˈnoʒe/,v.,drain
nozee,/ˈnoʒee/,n.,drain
nu,/nu/,conj.,but
nudèru,/ˈnudɛru/,n.,boyfriend
nuh,/nuh/,prep.,like
nuk,/nuk/,num.,million
nukuduk,/ˈnukuduk/,n.,toilet
nul,/nul/,n.,hole; tunnel; crater
nula,/ˈnula/,n.,hat; helmet
nuli,/ˈnuli/,v.,put (cause to be)
nulil,/ˈnulil/,adj.,necessary
nulu,/ˈnulu/,n.,scene; stage
nulul,/ˈnulul/,n.,frog
numur,/ˈnumur/,n.,sword
nun,/nun/,adj.,last (only remaining)
nunangoh,/ˈnunaŋoh/,n.,cousin
nung,/nuŋ/,adj.,common; frequent; normal; generic; regular; medium
nungge,/ˈnuŋge/,num.,seven
nunggè,/ˈnuŋgɛ/,v.,erase
nungi,/ˈnuŋi/,n.,cotton; cloth; fabric; textile; rag; napkin
nungu,/ˈnuŋu/,v.,stick; cling
nunguoh,/ˈnuŋuoh/,adj.,sticky
nunorèk,/ˈnunorɛk/,v.,deserve
nupa,/ˈnupa/,n.,bath
nupi,/ˈnupi/,n.,carpet; rug
nur,/nur/,adv.,already
nuru,/ˈnuru/,v.,contain
nurue,/ˈnurue/,n.,container
nurula,/ˈnurula/,adj.,different; distinct; various
nurulau,/ˈnuruˌlau/,n.,difference
nus,/nus/,n.,case; situation (circumstances; context)
nut,/nut/,v.,lose
nuta,/ˈnuta/,n.,sand; shore; gravel
nute,/ˈnute/,n.,loss
nutè,/ˈnutɛ/,n.,pocket
nuto,/ˈnuto/,n.,compliment
nutote,/ˈnutote/,n.,plan; strategy (plan); tactic; program
nutoteng,/ˈnutoteŋ/,v.,plan
nutu,/ˈnutu/,adj.,sorry
nuwa,/ˈnuwa/,n.,tie
nuwu,/ˈnuwu/,v.,twist; revolve; wiggle
nuwur,/ˈnuwur/,v.,wake; wake up; get up
nuze,/ˈnuʒe/,adj.,previous
nuzè,/ˈnuʒɛ/,n.,patient
nuzeme,/ˈnuʒeme/,adv.,previously
o,/o/,det.,that
o,/o/,pron.,that
oh,/oh/,v.,hunt
ohe,/ˈohe/,n.,hunter
ok,/ok/,n.,belly
okeko,/ˈokeko/,adj.,social
okuh,/ˈokuh/,n.,spirit
ol,/ol/,n.,program
oli,/ˈoli/,n.,skull
olit,/ˈolit/,v.,swim
olu,/ˈolu/,n.,visit
olula,/ˈolula/,adj.,good; excellent; wonderful; fabulous; terrific; superb; innocent; nice; great (excellent)
om,/om/,n.,justice
ome,/ˈome/,v.,taste
on,/on/,prep.,by (using the means of); by (using a route)
ong,/oŋ/,v.,lie
onge,/ˈoŋe/,n.,liar
ongès,/ˈoŋɛs/,n.,lie
onggen,/ˈoŋgen/,v.,apply
or,/or/,interj.,well
oro,/ˈoro/,n.,fowl
os,/os/,n.,bed; lounge; couch; sofa
osam,/ˈosam/,adj.,safe
ose,/ˈose/,n.,group; community; flock
osè,/ˈosɛ/,v.,blink
ota,/ˈota/,adj.,high; tall
otau,/ˈotau/,n.,height
oti,/ˈoti/,v.,face; fight; confront
otu,/ˈotu/,n.,hag (old woman)
ozo,/ˈoʒo/,v.,show; demonstrate; present; express
pa,/pa/,v.,be (temporary state); be (located)
pa,/pa/,pron.,she; it
pade,/ˈpade/,n.,cauldron; kettle
pah,/pah/,det.,same
paki,/ˈpaki/,n.,diamond
pakul,/ˈpakul/,n.,egg
pale,/ˈpale/,n.,apple
paluh,/ˈpaluh/,v.,roll; revolve; rotate
paluh lèpèng,/ˈpaluh ˈlɛpɛŋ/,n.,barbecue
pam,/pam/,adj.,white
pama,/ˈpama/,n.,holiday; vacation
pamu,/ˈpamu/,adj.,complicated; complex; intricate
pamual,/ˈpamual/,v.,complicate
pane,/ˈpane/,v.,settle; stay
panee,/ˈpanee/,n.,settlement (village)
pang,/paŋ/,adv.,only; merely; hardly
panggè,/ˈpaŋgɛ/,adj.,dry; sober
panggè lèh,/ˈpaŋgɛ lɛh/,n.,drought
panggu,/ˈpaŋgu/,n.,hallway; corridor
pango,/ˈpaŋo/,n.,harmony
panu,/ˈpanu/,adj.,nice
par,/par/,num.,one
pat,/pat/,n.,rain; shower
pata,/ˈpata/,n.,boy
pawe,/ˈpawe/,n.,opinion
pawu,/ˈpawu/,adj.,significant
pazè,/ˈpaʒɛ/,n.,camera
pazèl,/ˈpaʒɛl/,n.,loop; curl
pazu,/ˈpaʒu/,adj.,busy
pazum,/ˈpaʒum/,n.,flavor
pazumès,/ˈpaʒumɛs/,adj.,delicious
pe,/pe/,v.,may
pè,/pɛ/,v.,be (age)
pè,/pɛ/,pron.,you
pè,/pɛ/,det.,your (pl)
pèalit,/ˈpɛalit/,n.,drug; medicine; poison
pèalitas,/ˈpɛaˌlitas/,adj.,medical
pèalito,/ˈpɛaˌlito/,n.,drugstore
peda,/ˈpeda/,adj.,best
pedèl,/ˈpedɛl/,n.,spoon
pedih,/ˈpedih/,v.,poise
peèr,/ˈpeɛr/,n.,leather
pèet,/ˈpɛet/,n.,plate; tray; disk; platter
peh,/peh/,n.,fact; evidence; symptom
pèh,/pɛh/,n.,family (children and parents)
pehès,/ˈpehɛs/,adj.,evident
pek,/pek/,n.,oil; grease
pèk,/pɛk/,n.,husband
pèkangè,/ˈpɛkaŋɛ/,n.,cigarette
pekèh,/ˈpekɛh/,n.,match (game); contest
peki,/ˈpeki/,n.,beast
peko,/ˈpeko/,n.,female
pel,/pel/,num.,ten
pèl,/pɛl/,v.,fight
pèl,/pɛl/,pron.,him; it
pèl,/pɛl/,n.,fight
pelah,/ˈpelah/,n.,idea; concept; theory
pelo,/ˈpelo/,v.,keep (store); store
pem,/pem/,adj.,important; main
pèm,/pɛm/,n.,garden
pèmal,/ˈpɛmal/,adj.,stubborn
pème,/ˈpɛme/,n.,gardener
pèmi,/ˈpɛmi/,n.,ornament; accessory
pèmu,/ˈpɛmu/,num.,first
pen,/pen/,n.,bench
pèn,/pɛn/,n.,shame; stigma
peng,/peŋ/,adj.,even
pèng,/pɛŋ/,n.,sound; music
penga,/ˈpeŋa/,n.,tree; wood; plant; shrub
pènger,/ˈpɛŋer/,n.,fruit
pènggè,/ˈpɛŋgɛ/,adj.,native
pèngo,/ˈpɛŋo/,v.,bring; fetch; carry
pengu,/ˈpeŋu/,v.,increase; expand; exacerbate
penu,/ˈpenu/,adj.,gray
pepe,/ˈpepe/,n.,picture
pèpe,/ˈpɛpe/,adj.,easy
per,/per/,v.,meet; find; uncover
pèr,/pɛr/,v.,avoid; avert
pera,/ˈpera/,adj.,smooth; sleek
pèrè,/ˈpɛrɛ/,n.,glass
pereror,/ˈpereror/,n.,nose
perès,/ˈperɛs/,n.,meeting
pes,/pes/,n.,liver
pès,/pɛs/,num.,zero
pesè,/ˈpesɛ/,v.,desire
pesozet,/ˈpesoʒet/,n.,battle; clash
pesozet rè,/ˈpesoʒet rɛ/,n.,ammunition
pèsu,/ˈpɛsu/,n.,fire
pèsu silo,/ˈpɛsu ˈsilo/,n.,firearm
pèsu sula,/ˈpɛsu ˈsula/,n.,train
pet,/pet/,n.,research
pèt,/pɛt/,adj.,angry; mad
pète,/ˈpɛte/,n.,helmet
peti,/ˈpeti/,v.,believe
petie,/ˈpetie/,n.,belief
petodi,/ˈpetodi/,v.,respect; admire
petodi,/ˈpetodi/,n.,respect
petu,/ˈpetu/,n.,sport
pètu,/ˈpɛtu/,v.,stop; stall; halt
petung,/ˈpetuŋ/,v.,research
pèudu,/ˈpɛudu/,v.,hold; support; reinforce
pèweng,/ˈpɛweŋ/,v.,draw
pèwengès,/ˈpɛweŋɛs/,n.,drawing
pewol,/ˈpewol/,v.,roast
pewul,/ˈpewul/,v.,keep (save; retain); carry
pèza,/ˈpɛʒa/,adj.,aroused (sexually)
pèzinge,/ˈpɛʒiŋe/,n.,candy
pèzu,/ˈpɛʒu/,v.,interrupt; interfere
pi,/pi/,det.,more
pia,/ˈpia/,n.,bowl; cup; pot; mug
pide,/ˈpide/,v.,lift; boost
pido,/ˈpido/,n.,gender
pidor,/ˈpidor/,n.,spring (season)
piduh,/ˈpiduh/,n.,animal
piduh sakè,/ˈpiduh ˈsakɛ/,n.,wildlife
piduh sut,/ˈpiduh sut/,n.,zoo
pih,/pih/,adj.,sharp; acute; bitter
pik,/pik/,v.,mean (signify)
pikam,/ˈpikam/,n.,magazine
piki,/ˈpiki/,n.,thorn
pikuwu,/ˈpikuwu/,n.,risk; hazard
pikuwus,/ˈpikuwus/,adj.,risky
pil,/pil/,v.,bite; chew
pilè,/ˈpilɛ/,det.,whose
pilo,/ˈpilo/,n.,skin
pim,/pim/,v.,know (be acquainted with)
pima,/ˈpima/,n.,verse; poem
pimae,/ˈpimae/,n.,poet
pime,/ˈpime/,n.,chicken
pimè,/ˈpimɛ/,n.,queen
pimu,/ˈpimu/,n.,stump; log
pin,/pin/,n.,sister
ping,/piŋ/,v.,compare; contrast
pipa,/ˈpipa/,n.,condition (requirement; stipulation)
pir,/pir/,v.,pick
piru,/ˈpiru/,v.,breathe
pis,/pis/,v.,seek
pitasong,/ˈpitasoŋ/,adj.,blank; vacant
pite,/ˈpite/,n.,tire
piting,/ˈpitiŋ/,n.,size; capacity
pitopo,/ˈpitopo/,adj.,awful; terrible
pitu,/ˈpitu/,n.,baby
piwu,/ˈpiwu/,interj.,goodbye
po,/po/,adv.,as
po,/po/,pron.,you all
podu,/ˈpodu/,n.,journey; voyage
podue,/ˈpodue/,n.,tourist
pok,/pok/,v.,rest
pokèna,/ˈpokɛna/,n.,average
poko,/ˈpoko/,v.,row
pokoli,/ˈpokoli/,adj.,firm
pola,/ˈpola/,n.,dish; platter
polo,/ˈpolo/,n.,path; track
polu,/ˈpolu/,v.,kiss
pom,/pom/,adv.,here
pomining,/ˈpominiŋ/,adv.,very; really
pon,/pon/,det.,such
pong,/poŋ/,v.,should
pongangang,/ˈpoŋaŋaŋ/,n.,upper class
pongge,/ˈpoŋge/,v.,turn on
ponggo,/ˈpoŋgo/,adv.,barely; hardly
pongung,/ˈpoŋuŋ/,n.,effort
poni,/ˈponi/,n.,armor
pope,/ˈpope/,adj.,attractive
por,/por/,prep.,before
porèsal,/ˈporɛsal/,n.,saddle
poro,/ˈporo/,n.,second (time); moment
poru,/ˈporu/,n.,amount; quantity
pos,/pos/,n.,ball; sphere; circle
posi,/ˈposi/,n.,berry
poto,/ˈpoto/,n.,potato
powa,/ˈpowa/,n.,tide
powe,/ˈpowe/,n.,science
powee,/ˈpowee/,n.,scientist
powu,/ˈpowu/,n.,fan
pozing,/ˈpoʒiŋ/,n.,town; population; city; village
pozingung,/ˈpoʒiŋuŋ/,v.,populate
pu,/pu/,det.,this
pu,/pu/,pron.,her; it
pu,/pu/,det.,her
pu,/pu/,pron.,this
pu wè,/pu wɛ/,adv.,tonight
puatèng,/ˈpuatɛŋ/,n.,pile; heap
pude,/ˈpude/,adj.,new
pudè,/ˈpudɛ/,v.,nod
puet,/ˈpuet/,n.,house
puetul,/ˈpuetul/,n.,mansion
puh,/puh/,n.,letter (written document)
puk,/puk/,n.,accent (of language); dialect
pukala,/ˈpukala/,n.,diet
pukè,/ˈpukɛ/,v.,kick
puki,/ˈpuki/,num.,fifteen
pukilo,/ˈpukilo/,n.,horse
pukiloo,/ˈpukiˌloo/,n.,stable
puko,/ˈpuko/,adj.,long
pukol,/ˈpukol/,n.,blade; razor
pukou,/ˈpukou/,n.,length
puku,/ˈpuku/,adv.,somewhat; fairly; pretty
pul,/pul/,adv.,ago
pulè,/ˈpulɛ/,n.,prison; jail
pulèe,/ˈpulɛe/,n.,prisoner
puli,/ˈpuli/,v.,exist
pulie,/ˈpulie/,n.,existence
pulih,/ˈpulih/,n.,stock; arsenal
pulongo,/ˈpuloŋo/,n.,pipe
pulor,/ˈpulor/,det.,much
pulu,/ˈpulu/,n.,week
puludo,/ˈpuludo/,v.,dig
pum,/pum/,prep.,beyond
puma,/ˈpuma/,v.,spit
pumas,/ˈpumas/,n.,saliva
pumung,/ˈpumuŋ/,adj.,specific; definite; particular
pun,/pun/,n.,light; candle
pung,/puŋ/,n.,side
pungela,/ˈpuŋela/,n.,plague
punggul,/ˈpuŋgul/,v.,raise
pungi,/ˈpuŋi/,n.,field; arena
pupe,/ˈpupe/,n.,grandmother
pur,/pur/,v.,write
pura,/ˈpura/,n.,enemy
pure,/ˈpure/,n.,author; writer
purè,/ˈpurɛ/,n.,life (lifetime); life (soul)
pure lupu,/ˈpure ˈlupu/,n.,copyright
pus,/pus/,v.,try (attempt); attempt
puso,/ˈpuso/,n.,manner
put,/put/,v.,save (put aside)
puta,/ˈputa/,n.,humor
putek,/ˈputek/,n.,nature; essence
putekas,/ˈputekas/,adj.,natural
putu,/ˈputu/,n.,peace
puzèr,/ˈpuʒɛr/,n.,route
ra,/ra/,v.,mean (intend)
ra,/ra/,pron.,me
radè,/ˈradɛ/,n.,present (time)
radi,/ˈradi/,n.,knife; blade
radung,/ˈraduŋ/,n.,power; force
rah,/rah/,prep.,according to
raih,/ˈraih/,v.,thank
raki,/ˈraki/,n.,altitude
ral,/ral/,n.,recognition
rala,/ˈrala/,n.,mass
ralo,/ˈralo/,v.,check; review; confirm
ralu,/ˈralu/,v.,refer; attribute
ralung,/ˈraluŋ/,v.,recognize
ram,/ram/,n.,committee; tribunal
rama,/ˈrama/,n.,price; fee
ramè,/ˈramɛ/,n.,hill; dune
ramum,/ˈramum/,n.,metal
ran,/ran/,adj.,hard
rang,/raŋ/,prep.,through
rang pèrè,/raŋ ˈpɛrɛ/,n.,lens
rangga,/ˈraŋga/,n.,credit (of money)
ranggu,/ˈraŋgu/,adj.,ready; ripe
rangu,/ˈraŋu/,n.,jewel; gem; prism
rape,/ˈrape/,n.,glove
rapik,/ˈrapik/,n.,leaf
rapo,/ˈrapo/,v.,listen
rar,/rar/,n.,cloud; mist
rarè,/ˈrarɛ/,n.,guide
raru,/ˈraru/,n.,assassin
ras,/ras/,prep.,around
rasol,/ˈrasol/,n.,silk; thread
rasu,/ˈrasu/,n.,court (of law)
rat,/rat/,n.,structure; system
ratè,/ˈratɛ/,n.,doctor
rawa,/ˈrawa/,v.,hide
rawako,/ˈrawako/,v.,eat
rawu,/ˈrawu/,n.,brother
razu,/ˈraʒu/,n.,bay; cove
re,/re/,pron.,you
rè,/rɛ/,v.,give; present; transfer; supply
rè,/rɛ/,pron.,them
rede,/ˈrede/,adv.,however
redo,/ˈredo/,adj.,confident; certain; sure
redome,/ˈredome/,adv.,certainly
redou,/ˈredou/,n.,confidence
rèdu,/ˈrɛdu/,adj.,wrong
rèduto,/ˈrɛduto/,n.,sin
reh,/reh/,n.,money; wage
rèh,/rɛh/,n.,breast
rèhum,/ˈrɛhum/,adj.,buxom
rek,/rek/,n.,day; date
rèk,/rɛk/,v.,win
rèke,/ˈrɛke/,n.,victory
reki,/ˈreki/,n.,middle class
rèki,/ˈrɛki/,n.,flour
reku,/ˈreku/,adv.,down
reku,/ˈreku/,prep.,down
rel,/rel/,adv.,again
rèl,/rɛl/,n.,sign; signal; alarm
rèla,/ˈrɛla/,n.,vagina
relè,/ˈrelɛ/,n.,wire; thread
relu,/ˈrelu/,n.,wax
reluh,/ˈreluh/,n.,nation
reluhas,/ˈreluhas/,adj.,national
rem,/rem/,v.,leave (depart); depart
rèm,/rɛm/,n.,kind; type
remi,/ˈremi/,v.,involve; entail
remu,/ˈremu/,n.,arrow (weapon); arrow (sign)
reneh,/ˈreneh/,n.,mood; attitude
rèng,/rɛŋ/,n.,police
renga,/ˈreŋa/,n.,student
renge,/ˈreŋe/,n.,athlete
rengeda,/ˈreŋeda/,n.,excuse
rengengèm,/ˈreŋeŋɛm/,adv.,that
repe,/ˈrepe/,n.,pain
repes,/ˈrepes/,adj.,painful
rèpi,/ˈrɛpi/,v.,grab; clutch; grip
repol,/ˈrepol/,n.,storm; turmoil
rèpu,/ˈrɛpu/,n.,fund
rèpuwe,/ˈrɛpuwe/,num.,eighteen
rer,/rer/,n.,wife
rèr,/rɛr/,adj.,bad
rero,/ˈrero/,v.,please
reroe,/ˈreroe/,n.,pleasure
rerok,/ˈrerok/,v.,become (begin to be); become (change into)
rèrur,/ˈrɛrur/,v.,imagine; assume
res,/res/,conj.,or; either
rès,/rɛs/,n.,top; mountain; lid
resu,/ˈresu/,n.,pair
ret,/ret/,v.,sleep; nap
ret,/ret/,n.,sleep
rèti,/ˈrɛti/,v.,rise; climb; escalate
retu,/ˈretu/,n.,bulb (plant root)
reunggu,/ˈreuŋgu/,n.,note
reunggu ripe,/ˈreuŋgu ˈripe/,n.,notebook
rèwe,/ˈrɛwe/,n.,cake
rewi,/ˈrewi/,v.,offend
rewioh,/ˈrewioh/,adj.,offensive
rewu,/ˈrewu/,n.,tower
reza,/ˈreʒa/,conj.,unless
rèzok,/ˈrɛʒok/,n.,erection
ri,/ri/,adj.,sick; ill; unwell
ride,/ˈride/,n.,record (written account)
rih,/rih/,n.,sky
rik,/rik/,v.,like
rikè,/ˈrikɛ/,num.,second
rikuzek,/ˈrikuʒek/,n.,kid
ril,/ril/,n.,politics
rilas,/ˈrilas/,adj.,political
rile,/ˈrile/,n.,politician
rilizu,/ˈriliʒu/,n.,advice
rim,/rim/,adv.,always; all the time; forever
rima,/ˈrima/,v.,suck
rimi,/ˈrimi/,adj.,loud; noisy
rimu,/ˈrimu/,adj.,local
rimum,/ˈrimum/,n.,ceiling
rinek,/ˈrinek/,n.,forehead; brow
ring,/riŋ/,conj.,while
ringa,/ˈriŋa/,n.,region; territory
ringè,/ˈriŋɛ/,n.,will
ringga,/ˈriŋga/,v.,sink; descend
ringge,/ˈriŋge/,n.,bit
ringgè,/ˈriŋgɛ/,v.,join; tie; connect
ringgè,/ˈriŋgɛ/,n.,joint
ringgu,/ˈriŋgu/,n.,son
ringi,/ˈriŋi/,v.,intend
ripe,/ˈripe/,n.,book
ripeo,/ˈripeo/,n.,library
ripu,/ˈripu/,adv.,far
rir,/rir/,v.,hate
rirès,/ˈrirɛs/,n.,hate
ris,/ris/,n.,soul; essence
rise,/ˈrise/,v.,freeze
rises,/ˈrises/,n.,frost
rit,/rit/,adj.,sudden; abrupt; swift
rita,/ˈrita/,v.,flirt
ritaoh,/ˈritaoh/,adj.,flirtatious
ritime,/ˈritime/,adv.,suddenly
ritipur,/ˈritipur/,n.,fat (component in food)
ritokor,/ˈritokor/,n.,fur; mane
ritor,/ˈritor/,v.,drop; collapse
ritul,/ˈritul/,v.,punish
riu,/ˈriu/,adj.,foreign
riu,/ˈriu/,n.,sickness
riue,/ˈriue/,n.,foreigner
riwur,/ˈriwur/,v.,laugh; chuckle
riwuram,/ˈriwuram/,v.,giggle
riwure,/ˈriwure/,n.,laugh
rizan,/ˈriʒan/,n.,supervisor
rizèlè,/ˈriʒɛlɛ/,n.,servant
ro,/ro/,conj.,when; while
rode,/ˈrode/,v.,protect; secure; guard; justify; argue
rodee,/ˈrodee/,n.,protection
rodes,/ˈrodes/,n.,insurance
rodidi,/ˈrodidi/,n.,bucket
roh,/roh/,prep.,after
rok,/rok/,adj.,black; blue; purple; green
roke,/ˈroke/,n.,excrement; sewage
rokè,/ˈrokɛ/,v.,fail
rokèe,/ˈrokɛe/,n.,failure
rokeo,/ˈrokeo/,n.,sewer
rokol,/ˈrokol/,n.,plot
rokun,/ˈrokun/,n.,knowledge
rokunung,/ˈrokunuŋ/,v.,know (a fact)
rolè,/ˈrolɛ/,n.,penis
rom,/rom/,v.,turn
ron,/ron/,n.,chemical
rone,/ˈrone/,n.,company
roneng,/ˈroneŋ/,v.,accompany
rongamim,/ˈroŋamim/,v.,compete
rongè,/ˈroŋɛ/,adj.,furious
ronggo,/ˈroŋgo/,n.,part; section; segment; piece; portion
ronggu,/ˈroŋgu/,n.,trap
roni,/ˈroni/,n.,crystal; prism
ror,/ror/,adj.,true; honest; pure
rora,/ˈrora/,n.,girl
rorat,/ˈrorat/,n.,block; brick
roru,/ˈroru/,n.,expression (look on someone's face)
roru,/ˈroru/,n.,truth
ros,/ros/,adv.,then
rose,/ˈrose/,n.,mirror
rosos,/ˈrosos/,n.,image
rot,/rot/,v.,mark
rotè,/ˈrotɛ/,v.,act; behave
rotèe,/ˈrotɛe/,n.,behavior
rotèl,/ˈrotɛl/,adj.,only
roteu,/ˈroteu/,n.,blood
roteung,/ˈroteuŋ/,v.,bleed
roteus,/ˈroteus/,adj.,bloody
roti,/ˈroti/,v.,return; go back
rotie,/ˈrotie/,n.,return
rotipe,/ˈrotipe/,adj.,fair; just
roto,/ˈroto/,v.,lack
rotu,/ˈrotu/,v.,rub; stroke; massage; wipe; spread
rou,/ˈrou/,n.,authority
roung,/ˈrouŋ/,v.,authorize
rowil,/ˈrowil/,v.,achieve; accomplish; work (have desired result)
rowus,/ˈrowus/,n.,bow (decorative material)
ru,/ru/,n.,thing; stuff; property; object; item
ru,/ru/,pron.,they
rudi,/ˈrudi/,v.,provide
ruè,/ˈruɛ/,n.,emotion; affection
ruh,/ruh/,pron.,who
ruk,/ruk/,n.,minute
ruka,/ˈruka/,adj.,subtle; elusive
rukau,/ˈrukau/,n.,subtlety
rukom,/ˈrukom/,adj.,mean; vicious
rul,/rul/,det.,many
rula,/ˈrula/,n.,expert
rulèng,/ˈrulɛŋ/,det.,enough
rulim,/ˈrulim/,adj.,rare
rulu,/ˈrulu/,n.,scale (instrument for weighing)
rulut,/ˈrulut/,adj.,guilty
rum,/rum/,prep.,by (agent performing an action); by (author or creator)
rumilut,/ˈrumilut/,adj.,stiff; tight
rumu,/ˈrumu/,v.,solve; figure out; deduce
runè,/ˈrunɛ/,num.,hundred
rungge,/ˈruŋge/,v.,complain; criticize
rungi,/ˈruŋi/,n.,honor; pride
rungo,/ˈruŋo/,n.,step (footstep)
rungu,/ˈruŋu/,n.,siege
runomi,/ˈrunomi/,adj.,gay; homosexual
rupi,/ˈrupi/,n.,clothes; clothing; garment
rupo,/ˈrupo/,v.,seem; appear
rupoe,/ˈrupoe/,n.,appearance (act of appearing)
rupor,/ˈrupor/,n.,shade; umbrella
rur,/rur/,adv.,still
rura,/ˈrura/,v.,pray; beg
rure,/ˈrure/,prep.,except; besides
rus,/rus/,v.,place; deposit
rusur,/ˈrusur/,adv.,together
rut,/rut/,n.,jaw
rutèla,/ˈrutɛla/,n.,gold
rutèlas,/ˈrutɛlas/,adj.,golden
rutir,/ˈrutir/,det.,no
ruwu,/ˈruwu/,v.,test
ruwu,/ˈruwu/,n.,test
ruwutè,/ˈruwutɛ/,num.,nine
ruza,/ˈruʒa/,v.,grow; evolve
ruzae,/ˈruʒae/,n.,growth
ruzès,/ˈruʒɛs/,adj.,pink
ruzo,/ˈruʒo/,adj.,fragile
sa,/sa/,det.,what
sa,/sa/,pron.,what
sadu,/ˈsadu/,v.,limp
sah,/sah/,prep.,out; outside
sak,/sak/,v.,need (require); need (lack)
sak,/sak/,n.,need
sakè,/ˈsakɛ/,v.,live; survive
sakè,/ˈsakɛ/,n.,life (living organism)
sako,/ˈsako/,n.,vegetable
sakoo,/ˈsakoo/,n.,grocer
sal,/sal/,n.,reward; award; prize
salah,/ˈsalah/,n.,food; cuisine
salor,/ˈsalor/,n.,lounge; couch; sofa
salu,/ˈsalu/,v.,cost
salu,/ˈsalu/,n.,cost
salus,/ˈsalus/,interj.,welcome
salus,/ˈsalus/,adj.,expensive
sam,/sam/,adj.,thin (slender); slim
same,/ˈsame/,n.,phone
san,/san/,v.,care
sane,/ˈsane/,n.,recipe; formula
sane,/ˈsane/,n.,care
sanètuh,/ˈsanɛtuh/,n.,tradition; ritual
sang,/saŋ/,v.,cover
sanga,/ˈsaŋa/,n.,bone
sangapung,/ˈsaŋapuŋ/,v.,count
sangga,/ˈsaŋga/,adv.,else
sanggo,/ˈsaŋgo/,n.,wool; fur
sanggu,/ˈsaŋgu/,num.,three
sanggu sutu,/ˈsaŋgu ˈsutu/,n.,triangle
sanoh,/ˈsanoh/,adj.,careful
saon,/ˈsaon/,n.,mistake; error; defect
sapa,/ˈsapa/,v.,marry
sapu,/ˈsapu/,v.,drink
sapu puet,/ˈsapu ˈpuet/,n.,pub
sapul,/ˈsapul/,adj.,drunk (inebriated)
sar,/sar/,n.,hour
sas,/sas/,prep.,under; below
sasèwas,/ˈsasɛwas/,n.,comb
sat,/sat/,adj.,young
satah,/ˈsatah/,prep.,along
sate,/ˈsate/,adj.,similar
satem,/ˈsatem/,interj.,no
sati,/ˈsati/,v.,state; declare; say
satu,/ˈsatu/,n.,ear
satu,/ˈsatu/,n.,youth
satu tatu,/ˈsatu ˈtatu/,n.,earring
satute,/ˈsatute/,n.,shape; pattern; structure
sau,/ˈsau/,v.,keep (not return)
saung,/ˈsauŋ/,n.,task
sawah,/ˈsawah/,n.,pillow; breast (slang)
saweng,/ˈsaweŋ/,v.,regret; lament
sawo,/ˈsawo/,v.,forget
sawu,/ˈsawu/,n.,friend
sawus,/ˈsawus/,adj.,friendly
sazewi,/ˈsaʒewi/,n.,space (beyond Earth)
sazi,/ˈsaʒi/,n.,grandfather
sazopin,/ˈsaʒopin/,prep.,onto
se,/se/,n.,child (son or daughter of any age)
sè,/sɛ/,v.,would
sea,/ˈsea/,v.,stretch
seda,/ˈseda/,n.,weather; climate
sede,/ˈsede/,n.,chalk
sèdè,/ˈsɛdɛ/,n.,castle
sèdèpal,/ˈsɛdɛpal/,v.,warn
sèdi,/ˈsɛdi/,v.,abuse
sèdis,/ˈsɛdis/,n.,abuse
seduku,/ˈseduku/,num.,eleven
seh,/seh/,num.,two
sèh,/sɛh/,adj.,healthy
sèhu,/ˈsɛhu/,n.,health
sek,/sek/,n.,soup
sèk,/sɛk/,adj.,past
sèk rek,/sɛk rek/,n.,yesterday
seka,/ˈseka/,n.,arch; arc
sèkawus,/ˈsɛkawus/,n.,wealth
sèkè,/ˈsɛkɛ/,v.,tow
sekem,/ˈsekem/,n.,pump
sekin,/ˈsekin/,n.,whore
sekung,/ˈsekuŋ/,v.,share; divide
sel,/sel/,n.,area
sèl,/sɛl/,v.,claim; allege
sèlasek,/ˈsɛlasek/,n.,career
seles,/ˈseles/,n.,point
selik,/ˈselik/,n.,tool
selo,/ˈselo/,adj.,equal; equivalent
selu,/ˈselu/,n.,square
sem,/sem/,v.,affect; influence
sèm,/sɛm/,v.,discuss
sèma,/ˈsɛma/,adj.,stupid; dumb; silly; absurd
sème,/ˈsɛme/,n.,discussion
semem,/ˈsemem/,v.,shine
sememoh,/ˈsememoh/,adj.,shiny
sèmètu,/ˈsɛmɛtu/,n.,bow (weapon)
semu,/ˈsemu/,n.,adult
sèmu,/ˈsɛmu/,n.,aunt
sèn,/sɛn/,adj.,weak
sènè,/ˈsɛnɛ/,n.,cabinet; drawer
seng,/seŋ/,adv.,away
sèng,/sɛŋ/,n.,human
sènga,/ˈsɛŋa/,adj.,physical; tangible
senges,/ˈseŋes/,n.,ash; coal
sènggèh,/ˈsɛŋgɛh/,adj.,famous
senggènè,/ˈseŋgɛnɛ/,n.,fish
sengi,/ˈseŋi/,v.,mix
sengo,/ˈseŋo/,n.,energy (strength; stamina)
sènur,/ˈsɛnur/,n.,school
sepe,/ˈsepe/,n.,worm
sèpèng,/ˈsɛpɛŋ/,n.,underwear
sèpi,/ˈsɛpi/,n.,wound; trauma
sepo,/ˈsepo/,n.,story; fable; prose
ser,/ser/,n.,dog
sèr,/sɛr/,v.,charge
seram,/ˈseram/,n.,puppy
sereh,/ˈsereh/,n.,empire
sèro,/ˈsɛro/,n.,worker
sèru,/ˈsɛru/,v.,sing
sèrue,/ˈsɛrue/,n.,song
sèruee,/ˈsɛruˌee/,n.,singer
ses,/ses/,n.,leg; thigh
sès,/sɛs/,n.,bark (of tree)
sèses,/ˈsɛses/,n.,skirt
sèsu,/ˈsɛsu/,v.,debate
sesuki,/ˈsesuki/,n.,beer
set,/set/,n.,thread; strand
sèt,/sɛt/,v.,argue
seta,/ˈseta/,n.,race (competition); marathon
sèta,/ˈsɛta/,n.,party
setani,/ˈsetani/,n.,uniform; costume
sète,/ˈsɛte/,n.,argument
seteng,/ˈseteŋ/,n.,swamp
seti,/ˈseti/,n.,jar; vase
setila,/ˈsetila/,n.,hotel; inn; lodge
sèto,/ˈsɛto/,adj.,usual
sètome,/ˈsɛtome/,adv.,usually
setu,/ˈsetu/,adj.,simple
setume,/ˈsetume/,adv.,simply
sèwaza,/ˈsɛwaʒa/,v.,educate
sewemu,/ˈsewemu/,n.,axe
sewit,/ˈsewit/,v.,must; have to
sewut,/ˈsewut/,adj.,steep
sèzos,/ˈsɛʒos/,v.,blow
si,/si/,conj.,and
sia,/ˈsia/,v.,snap
siè,/ˈsiɛ/,n.,race (ethnicity); ethnicity
sièh,/ˈsiɛh/,n.,shoe
sik,/sik/,n.,weapon
sika,/ˈsika/,adj.,hot; hot (attractive); warm
sikau,/ˈsikau/,n.,heat
siko,/ˈsiko/,v.,masturbate
siko,/ˈsiko/,n.,armory
sil,/sil/,n.,car
sile,/ˈsile/,v.,cook (heat food); cook (prepare food)
silee,/ˈsilee/,n.,chef; cook
silo,/ˈsilo/,n.,arm; hand; help
silungi,/ˈsiluŋi/,v.,watch; look; monitor; spectate
sim,/sim/,det.,several
simi,/ˈsimi/,adj.,straight
simu,/ˈsimu/,n.,lizard
sin,/sin/,n.,tax; tariff
sine,/ˈsine/,adj.,next
sine rek,/ˈsine rek/,n.,tomorrow
sing,/siŋ/,conj.,than
singak,/ˈsiŋak/,n.,guest
singge,/ˈsiŋge/,n.,mathematics
sipe,/ˈsipe/,n.,danger; threat
sipeng,/ˈsipeŋ/,v.,smell (sense with nose)
sipes,/ˈsipes/,adj.,dangerous
sis,/sis/,n.,god
sis,/sis/,det.,our
sisanga,/ˈsisaŋa/,n.,sap
sit,/sit/,n.,box; crate
site,/ˈsite/,n.,grave
siteo,/ˈsiteo/,n.,graveyard
siter,/ˈsiter/,n.,palm (of hand)
siudè,/ˈsiudɛ/,v.,set
siwe,/ˈsiwe/,v.,judge
siwè,/ˈsiwɛ/,n.,comfort
siwee,/ˈsiwee/,n.,judge
siwere,/ˈsiwere/,n.,louse
siwès,/ˈsiwɛs/,adj.,comfortable
siwu,/ˈsiwu/,n.,wine
siwuo,/ˈsiwuo/,n.,winery
sizat,/ˈsiʒat/,n.,secret
size,/ˈsiʒe/,adj.,sour
sizetum,/ˈsiʒetum/,v.,experience
sizetume,/ˈsiʒeˌtume/,n.,experience
sizul,/ˈsiʒul/,n.,university; academy
sizulas,/ˈsiʒulas/,adj.,academic
so,/so/,v.,have; include
soda,/ˈsoda/,n.,crack
soda,/ˈsoda/,v.,crack
sode,/ˈsode/,n.,future; destiny; fate
sodel,/ˈsodel/,v.,cure
sodok,/ˈsodok/,v.,stamp
sodok,/ˈsodok/,n.,stamp
sodum,/ˈsodum/,adj.,free
soèpong,/ˈsoɛpoŋ/,n.,poison; venom
soh,/soh/,v.,expect; anticipate
sok,/sok/,n.,cell (room in a prison)
soking,/ˈsokiŋ/,adj.,full
soko,/ˈsoko/,n.,tail
sokul,/ˈsokul/,adj.,deep
sol,/sol/,adj.,early
sola,/ˈsola/,n.,church
solih,/ˈsolih/,n.,resident
solo,/ˈsolo/,n.,voice
solur,/ˈsolur/,n.,cow
som,/som/,n.,butter
somowu,/ˈsomowu/,n.,girlfriend
song,/soŋ/,adv.,once
songa,/ˈsoŋa/,n.,grass; lawn; pasture
songin,/ˈsoŋin/,adj.,round
songir,/ˈsoŋir/,v.,worry
sopik,/ˈsopik/,v.,accuse
sopo,/ˈsopo/,n.,center; core
sopos,/ˈsopos/,adj.,central
sopumèng,/ˈsopumɛŋ/,v.,cut; snip; divide; shave; segregate
sopumèng,/ˈsopumɛŋ/,n.,cut
sopumènge,/ˈsopuˌmɛŋe/,n.,division
sore,/ˈsore/,n.,forefather
sorè,/ˈsorɛ/,n.,boot
sori,/ˈsori/,num.,six
sos,/sos/,n.,order
sosèngge,/ˈsosɛŋge/,n.,neck
sosèngge was,/ˈsosɛŋge was/,n.,necklace
sosèt,/ˈsosɛt/,n.,riot
sosi,/ˈsosi/,pron.,none
sosus,/ˈsosus/,v.,choose; select
sosuse,/ˈsosuse/,n.,choice
sot,/sot/,n.,village; suburb
sotè,/ˈsotɛ/,n.,hood
sowakung,/ˈsowakuŋ/,v.,enjoy
sowèl,/ˈsowɛl/,adj.,live
sowi,/ˈsowi/,v.,crawl
sowu,/ˈsowu/,v.,bend; fold
sozè,/ˈsoʒɛ/,n.,trial
sozo,/ˈsoʒo/,adj.,serious
sozu,/ˈsoʒu/,v.,emphasize; exaggerate
sozue,/ˈsoʒue/,n.,emphasis
su,/su/,v.,make; produce (manufacture); compose; establish; compel; induce; cause
su,/su/,pron.,us
sudin,/ˈsudin/,n.,war; battle
sudin senggènè,/ˈsudin ˈseŋgɛnɛ/,n.,shark
sudine,/ˈsudine/,n.,warrior
sue,/ˈsue/,v.,finish; complete; expire
sue,/ˈsue/,n.,end
suèkong,/ˈsuɛkoŋ/,n.,example; prototype
suer,/ˈsuer/,adj.,final
suerime,/ˈsueˌrime/,adv.,finally
suh,/suh/,n.,east
suk,/suk/,n.,water; liquid
sukè,/ˈsukɛ/,v.,stab; prick
suki,/ˈsuki/,n.,hair (of head); hair (of body)
suku,/ˈsuku/,v.,try (test out)
sul,/sul/,adv.,actually
sula,/ˈsula/,n.,cart; wagon
sulang,/ˈsulaŋ/,v.,rule
sulange,/ˈsulaŋe/,n.,ruler
sule,/ˈsule/,n.,weight
sulè,/ˈsulɛ/,n.,cord
suleng,/ˈsuleŋ/,v.,weigh
sulèr,/ˈsulɛr/,n.,meal; feast; cuisine
sules,/ˈsules/,adj.,heavy
suli,/ˈsuli/,adj.,vague; ambiguous; fuzzy; obscure
sulik,/ˈsulik/,n.,well; reservoir
suling,/ˈsuliŋ/,n.,clay; mud; cement; brick
sulo,/ˈsulo/,adj.,boring
suloal,/ˈsuloal/,v.,bore
suluk,/ˈsuluk/,v.,agree; admit
suluke,/ˈsuluke/,n.,agreement
sum,/sum/,prep.,among
sumong,/ˈsumoŋ/,n.,vocabulary
sumum,/ˈsumum/,adj.,small; little; short; low; miniature; narrow; brief
sumum suk,/ˈsumum suk/,n.,urine
sumum tiri,/ˈsumum ˈtiri/,n.,lower class
sun,/sun/,v.,pull
suna,/ˈsuna/,n.,machine; engine; motor
sung,/suŋ/,n.,hunger
sungès,/ˈsuŋɛs/,adj.,hungry
sungga,/ˈsuŋga/,n.,vehicle
sungge,/ˈsuŋge/,v.,fuck (slang)
sunggè,/ˈsuŋgɛ/,n.,parcel; package; bundle
sunggèh,/ˈsuŋgɛh/,conj.,until
sungging,/ˈsuŋgiŋ/,n.,topic
sunggoh,/ˈsuŋgoh/,n.,list; menu
sunggu,/ˈsuŋgu/,adj.,former
suni,/ˈsuni/,n.,coin; currency
sunoh,/ˈsunoh/,adv.,tomorrow
sunu,/ˈsunu/,v.,break; burst; smash; tear; shatter
sunur,/ˈsunur/,adj.,broken
supe,/ˈsupe/,n.,window; nostril; view; opinion; panorama
supèt,/ˈsupɛt/,adj.,regular
supungo,/ˈsupuŋo/,n.,snow
supungo,/ˈsupuŋo/,v.,snow
supuzu,/ˈsupuʒu/,n.,challenge
sur,/sur/,n.,environment (natural world)
suru,/ˈsuru/,n.,cloak
surung,/ˈsuruŋ/,adj.,curious
sus,/sus/,det.,any
sus,/sus/,n.,product (item made)
suse,/ˈsuse/,n.,potion; elixir
susèh,/ˈsusɛh/,n.,witch
susèh lude,/ˈsusɛh ˈlude/,n.,owl
susu,/ˈsusu/,n.,series
sut,/sut/,n.,park
sutel,/ˈsutel/,n.,goat
sutèm,/ˈsutɛm/,n.,interest (curiosity; concern)
suten,/ˈsuten/,n.,page
sutoh,/ˈsutoh/,n.,country (rural area)
sutot,/ˈsutot/,n.,century
sutu,/ˈsutu/,n.,angle; corner; direction (way)
suwèlung,/ˈsuwɛluŋ/,n.,snake
suwo,/ˈsuwo/,v.,look; consider
suzek,/ˈsuʒek/,v.,manage
suzeke,/ˈsuʒeke/,n.,manager
suzi,/ˈsuʒi/,n.,cheese
suzim,/ˈsuʒim/,n.,bean
suzit,/ˈsuʒit/,v.,search; look up; explore
suzo,/ˈsuʒo/,v.,print
suzu,/ˈsuʒu/,n.,history
ta,/ta/,prep.,for (a period of time or length of distance)
tadamum,/ˈtadamum/,adv.,less
tade,/ˈtade/,v.,smile; smirk
tah,/tah/,adv.,maybe; perhaps
tak,/tak/,n.,bill; check
tak,/tak/,pron.,you all
taka,/ˈtaka/,n.,trousers; pants
takè,/ˈtakɛ/,n.,rank (military)
tako,/ˈtako/,v.,attack; assault
takot,/ˈtakot/,n.,chest
taku,/ˈtaku/,adj.,flat
tal,/tal/,v.,catch; grab
talida,/ˈtalida/,n.,security
tam,/tam/,v.,send; transfer
tan,/tan/,n.,step (one level of stairs)
tanaza,/ˈtanaʒa/,v.,spell
tanazas,/ˈtanaʒas/,n.,spelling
tang,/taŋ/,prep.,about; concerning; regarding
tanggo,/ˈtaŋgo/,prep.,above
tanggung,/ˈtaŋguŋ/,adj.,cold
tango,/ˈtaŋo/,v.,improve; enhance; refine
tangu,/ˈtaŋu/,v.,approach
tapa,/ˈtapa/,n.,defense
tapang,/ˈtapaŋ/,v.,defend
tapeng,/ˈtapeŋ/,n.,fiction
tapin,/ˈtapin/,n.,nest; den
taporil,/ˈtaporil/,v.,doubt
tapu,/ˈtapu/,n.,location
tar,/tar/,prep.,for (in favor of)
tari,/ˈtari/,n.,word; name; title; phrase
tari,/ˈtari/,v.,name
tari ripe,/ˈtari ˈripe/,n.,dictionary
tas,/tas/,prep.,to; towards
tasè,/ˈtasɛ/,n.,floor; ground; bottom (lowest part)
taso,/ˈtaso/,v.,close; shut
tasol,/ˈtasol/,adv.,up
tasol,/ˈtasol/,prep.,up
tat,/tat/,v.,vomit
tati,/ˈtati/,n.,lock
tatie,/ˈtatie/,n.,locksmith
tatu,/ˈtatu/,n.,ring
tatua,/ˈtatua/,n.,button (pushbutton); knob
tatuna,/ˈtatuna/,v.,shoot; propel; fire (detonate weapon); hurl
tau,/ˈtau/,n.,piece; segment; portion
tawih,/ˈtawih/,conj.,whether
tawo,/ˈtawo/,conj.,even
te,/te/,n.,world
te,/te/,pron.,he; it
tè,/tɛ/,n.,child (young human being)
teh,/teh/,n.,skeleton; hull
tèh,/tɛh/,n.,ditch
tek,/tek/,det.,few
tèkeng,/ˈtɛkeŋ/,prep.,during
tèko,/ˈtɛko/,n.,rod; shaft; bar; cylinder; axle
tèku,/ˈtɛku/,adj.,fun
tèkuu,/ˈtɛkuu/,n.,fun
tèl,/tɛl/,v.,love
tèle,/ˈtɛle/,n.,lover
tèlè,/ˈtɛlɛ/,n.,top (clothing)
telèpè,/ˈtelɛpɛ/,n.,drink; beverage
tèli,/ˈtɛli/,n.,sock
telil,/ˈtelil/,n.,torch; candle; lamp
tèloma,/ˈtɛloma/,prep.,beside
tem,/tem/,v.,float
tèm,/tɛm/,v.,date; go out
tèmi,/ˈtɛmi/,adj.,cool (slightly cold)
temu,/ˈtemu/,v.,hit; beat (strike); punch
ten,/ten/,adj.,middle
tèn,/tɛn/,n.,neighbor
ten wè,/ten wɛ/,n.,midnight
tèng,/tɛŋ/,n.,game
tengè,/ˈteŋɛ/,adj.,sad
tengèng,/ˈteŋɛŋ/,v.,run
tengènge,/ˈteŋɛŋe/,n.,runner
tengèu,/ˈteŋɛu/,n.,sadness
tenggo,/ˈteŋgo/,v.,respond; answer; reply
tenggo,/ˈteŋgo/,n.,answer
tenggoe,/ˈteŋgoe/,n.,response
tengok,/ˈteŋok/,v.,embrace
tepo,/ˈtepo/,n.,benefit; profit
tèr,/tɛr/,n.,past
tèramal,/ˈtɛramal/,v.,establish
tes,/tes/,v.,wear; put on
tès,/tɛs/,n.,public
tès,/tɛs/,det.,my
tese,/ˈtese/,v.,review; analyze; examine
tesee,/ˈtesee/,n.,analysis
tèsel,/ˈtɛsel/,n.,chief
tet,/tet/,v.,grow up; sprout
tète,/ˈtɛte/,n.,canvas
tèwè,/ˈtɛwɛ/,n.,button (fastener for clothing)
tewèm,/ˈtewɛm/,n.,sorrow
tèwèt,/ˈtɛwɛt/,n.,rifle
tewizi,/ˈtewiʒi/,v.,fix; mend; repair; amend; recover
tewo,/ˈtewo/,adj.,other
tèwu,/ˈtɛwu/,n.,wizard
ti,/ti/,v.,could
tidè,/ˈtidɛ/,adj.,large; massive; enormous; huge
tih,/tih/,v.,wave (salutation)
tiku,/ˈtiku/,n.,father
til,/til/,v.,work (be employed); work (toil)
til,/til/,n.,work
tilako,/ˈtilako/,v.,criticize
tilakooh,/ˈtilaˌkooh/,adj.,critical
tilakos,/ˈtilakos/,n.,critique
tile,/ˈtile/,n.,worker; employee
tilu,/ˈtilu/,adj.,close
tim,/tim/,n.,media
timè,/ˈtimɛ/,n.,rate
timèng,/ˈtimɛŋ/,v.,rate
tin,/tin/,v.,follow
ting,/tiŋ/,n.,situation (circumstances; context)
tingèk,/ˈtiŋɛk/,n.,thunder
tipa,/ˈtipa/,n.,milk; semen
tipè,/ˈtipɛ/,n.,harbor
tir,/tir/,pron.,everything
tirèl,/ˈtirɛl/,n.,employee
tiri,/ˈtiri/,n.,class; lesson; lecture
tirodu,/ˈtirodu/,v.,visit; attend; show up
tirodue,/ˈtiroˌdue/,n.,visitor
tis,/tis/,n.,foot
tis èl,/tis ɛl/,n.,pedestrian
tis wulo,/tis ˈwulo/,n.,footprint
tisu,/ˈtisu/,n.,kitchen; cuisine
tit,/tit/,n.,north
titoè,/ˈtitoɛ/,v.,explain; describe; define; interpret
tiwizi,/ˈtiwiʒi/,n.,quality
to,/to/,v.,think; consider; believe; guess; estimate; ponder; meditate
todan,/ˈtodan/,n.,factor; variable
toe,/ˈtoe/,v.,dance
toe,/ˈtoe/,n.,thought
toee,/ˈtoee/,n.,dancer
toh,/toh/,v.,identify; point out
tol,/tol/,v.,waste
tom,/tom/,n.,half
tomi,/ˈtomi/,n.,mask
ton,/ton/,v.,indicate
tongga,/ˈtoŋga/,n.,seat; chair; lounge; couch; sofa
tonu,/ˈtonu/,n.,text
topas,/ˈtopas/,n.,rail
topèng,/ˈtopɛŋ/,n.,uncle
tor,/tor/,v.,walk
tos,/tos/,v.,promise
tose,/ˈtose/,v.,fill
tot,/tot/,n.,question
totam,/ˈtotam/,adj.,major
totu,/ˈtotu/,n.,stitch
towe,/ˈtowe/,n.,laboratory
towu,/ˈtowu/,n.,information; data
towu tulas,/ˈtowu ˈtulas/,n.,archive
tozè,/ˈtoʒɛ/,n.,seed; grain; semen
tozo,/ˈtoʒo/,v.,steal; kidnap; rob
tozoe,/ˈtoʒoe/,n.,thief
tu,/tu/,interj.,okay
tu,/tu/,det.,the
tudole,/ˈtudole/,n.,root
tuduh,/ˈtuduh/,v.,surprise; startle
tuèlo,/ˈtuɛlo/,adv.,too; also; as well
tuh,/tuh/,n.,nut
tuk,/tuk/,v.,talk; speak
tukes,/ˈtukes/,adj.,soft; quiet
tukul,/ˈtukul/,n.,hammer
tul,/tul/,adv.,there
tula,/ˈtula/,n.,possibility
tulas,/ˈtulas/,n.,bank
tulas,/ˈtulas/,adj.,possible
tulo,/ˈtulo/,n.,season (quarter of the year)
tulu,/ˈtulu/,n.,summer
tum,/tum/,n.,morning
tun,/tun/,det.,which
tun,/tun/,pron.,which
tung,/tuŋ/,v.,go; leave (depart)
tunggèsung,/ˈtuŋgɛsuŋ/,n.,state (condition); condition (state)
tunggung,/ˈtuŋguŋ/,n.,corpse
tuni,/ˈtuni/,n.,fan (enthusiast)
tunuh,/ˈtunuh/,adj.,weird; strange; peculiar
tupo,/ˈtupo/,v.,measure; calculate
tupus,/ˈtupus/,v.,understand; realize; comprehend
tur,/tur/,v.,open
turès,/ˈturɛs/,n.,opening
turu,/ˈturu/,v.,can
turungat,/ˈturuŋat/,v.,moan
tuse,/ˈtuse/,n.,ray (of light)
tusi,/ˈtusi/,n.,wing
tut,/tut/,n.,dagger
tuti,/ˈtuti/,n.,ticket; license; voucher
tutu,/ˈtutu/,v.,add
tutum,/ˈtutum/,det.,all; both
tuwu,/ˈtuwu/,prep.,throughout
tuzi,/ˈtuʒi/,adj.,late
tuzung,/ˈtuʒuŋ/,v.,vote
u,/u/,conj.,that
uh,/uh/,v.,demand
uk,/uk/,n.,mountain; hill
uke,/ˈuke/,n.,collar
uker,/ˈuker/,n.,oven
uku,/ˈuku/,adv.,soon
ul,/ul/,n.,fin (of fish)
ula,/ˈula/,v.,jump; leap
um,/um/,n.,position (location)
un,/un/,n.,goal (objective); target
ung,/uŋ/,adj.,great (excellent); awesome
unga,/ˈuŋa/,v.,ring
unggan,/ˈuŋgan/,v.,wonder
ungo,/ˈuŋo/,n.,rice
uo,/ˈuo/,conj.,because
upe,/ˈupe/,n.,gap; void
upèlè,/ˈupɛlɛ/,n.,cage
upi,/ˈupi/,v.,slip
upos,/ˈupos/,adv.,almost
upuh,/ˈupuh/,interj.,hello
ure,/ˈure/,adv.,quite; rather
uri,/ˈuri/,n.,horn
urul,/ˈurul/,n.,orgasm
us,/us/,n.,ice
us lèng,/us lɛŋ/,n.,glacier
ut,/ut/,num.,thousand
utis,/ˈutis/,adj.,clean; neat; clear
utis,/ˈutis/,v.,clean
utu,/ˈutu/,n.,match (for fire)
uwa,/ˈuwa/,v.,shake; rattle
uwè,/ˈuwɛ/,n.,man
uwi,/ˈuwi/,n.,matter (substance; material); content
uwom,/ˈuwom/,n.,curtain; veil
uwune,/ˈuwune/,v.,sort; arrange
uwungen,/ˈuwuŋen/,v.,hurt; injure
wa,/wa/,v.,take; arrest; capture; carry; drive; remove; take out; deprive; take away; abolish; expel; evacuate; absorb
wa,/wa/,n.,sponge
wada,/ˈwada/,n.,map
wado,/ˈwado/,n.,religion; cult
wados,/ˈwados/,adj.,religious
wah,/wah/,adv.,either
waki,/ˈwaki/,n.,chance; odds; luck; fluke
wakis,/ˈwakis/,adj.,lucky
wakute,/ˈwakute/,adv.,out
wal,/wal/,prep.,with (using)
wale,/ˈwale/,v.,tread; step on
walèng,/ˈwalɛŋ/,n.,greed
walèngès,/ˈwalɛŋɛs/,adj.,greedy
walu,/ˈwalu/,n.,dirt
walus,/ˈwalus/,adj.,dirty
wam,/wam/,n.,level (degree; stage)
wan,/wan/,det.,every; each
wan,/wan/,det.,a; some
wang,/waŋ/,n.,station (railroad; bus)
wange,/ˈwaŋe/,n.,message
wangun,/ˈwaŋun/,adj.,cool (fashionable)
wanun,/ˈwanun/,n.,blasphemy; heresy
wanus,/ˈwanus/,n.,base; ground
wapa,/ˈwapa/,n.,king
wapa ringgu,/ˈwapa ˈriŋgu/,n.,prince
wapa wun,/ˈwapa wun/,n.,realm
wapu,/ˈwapu/,n.,bee
war,/war/,n.,law
waras,/ˈwaras/,adj.,legal
ware,/ˈware/,n.,lawyer
was,/was/,n.,chain
wat,/wat/,conj.,if
wato,/ˈwato/,n.,intervention
watu,/ˈwatu/,n.,rumor
wawoh,/ˈwawoh/,det.,each
wawu,/ˈwawu/,n.,dust
waza,/ˈwaʒa/,n.,theory
wazingu,/ˈwaʒiŋu/,n.,vein
we,/we/,prep.,for (the purpose of)
we,/we/,det.,his
wè,/wɛ/,n.,night; evening
wèa,/ˈwɛa/,n.,desk
wèdumo,/ˈwɛdumo/,v.,escape; flee
weh,/weh/,n.,breakfast
wèk,/wɛk/,n.,bathroom
weka,/ˈweka/,v.,crash; collide
wèkè,/ˈwɛkɛ/,n.,male
wèku,/ˈwɛku/,n.,shield; apron
wel,/wel/,n.,course (direction of travel); direction (way)
wèlu,/ˈwɛlu/,pron.,something
wem,/wem/,n.,hook
wèmengung,/ˈwɛmeŋuŋ/,adj.,cheap
wemes,/ˈwemes/,prep.,per; for each
wen,/wen/,num.,twelve
wèn,/wɛn/,n.,place; point; site; venue
wèn sos,/wɛn sos/,n.,layout
wena,/ˈwena/,adv.,today
wenèk,/ˈwenɛk/,n.,education
weng,/weŋ/,v.,be (exist); be (permanent state)
wèng,/wɛŋ/,n.,show (performance); play (stage play)
wenganil,/ˈweŋanil/,n.,knot
wenge,/ˈweŋe/,n.,eyelash
wèngge,/ˈwɛŋge/,adj.,old; former; ancient; antique
wèngge ru,/ˈwɛŋge ru/,n.,junk
wèngge seka,/ˈwɛŋge ˈseka/,n.,rainbow
wèngges,/ˈwɛŋges/,n.,bullet
wènggor,/ˈwɛŋgor/,n.,officer
wèngi,/ˈwɛŋi/,v.,gain
wengu,/ˈweŋu/,n.,cat
wenguam,/ˈweŋuam/,n.,kitten
wèno,/ˈwɛno/,adj.,poor; weak
wepè,/ˈwepɛ/,n.,ancestor
wèpè,/ˈwɛpɛ/,n.,rock; stone; gravel
wepu,/ˈwepu/,v.,reveal; expose
wèpu,/ˈwɛpu/,n.,factory; mill
wèpungè,/ˈwɛpuŋɛ/,n.,age
wer,/wer/,v.,discover
wèr,/wɛr/,adj.,exact; precise; definite
were,/ˈwere/,n.,discovery
wèreng,/ˈwɛreŋ/,adj.,favorite
weri,/ˈweri/,n.,table
wèrime,/ˈwɛrime/,adv.,exactly
weroh,/ˈweroh/,v.,reflect
werohe,/ˈwerohe/,n.,reflection
wes,/wes/,n.,sense
wès,/wɛs/,prep.,including
wesuh,/ˈwesuh/,n.,rank (position)
wet,/wet/,v.,drive; ride
wèt,/wɛt/,adv.,often
weta,/ˈweta/,n.,ant
wete,/ˈwete/,n.,driver
wètèling,/ˈwɛtɛliŋ/,v.,wait; linger
wètètu,/ˈwɛtɛtu/,pron.,someone; somebody
wetong,/ˈwetoŋ/,n.,slope; slant
wewe,/ˈwewe/,v.,flow; leak
wezi,/ˈweʒi/,v.,perform
wezie,/ˈweʒie/,n.,action (movement)
wi,/wi/,prep.,in; within
widè,/ˈwidɛ/,v.,grind; crumble
widet,/ˈwidet/,n.,strap
widi,/ˈwidi/,num.,sixteen
wih,/wih/,adv.,so; therefore; thus
wik,/wik/,adv.,yesterday
wil,/wil/,n.,branch (tree part)
wilas,/ˈwilas/,num.,fourteen
wile,/ˈwile/,n.,badge; label
wilita,/ˈwilita/,n.,throne
wilu,/ˈwilu/,adj.,bright; clear; transparent
win,/win/,adj.,real; authentic
wing,/wiŋ/,adv.,yet
wingèng,/ˈwiŋɛŋ/,adj.,single
wingengo,/ˈwiŋeŋo/,v.,create
wingga,/ˈwiŋga/,v.,prepare; assemble
winggae,/ˈwiŋgae/,n.,preparation
winggè,/ˈwiŋgɛ/,n.,cork
winggi,/ˈwiŋgi/,n.,stomach; gut
winggong,/ˈwiŋgoŋ/,adj.,wise
wino,/ˈwino/,n.,valley
winu,/ˈwinu/,v.,shock; startle; surprise
wipi,/ˈwipi/,n.,bug
wipu,/ˈwipu/,n.,row
wipupan,/ˈwipupan/,n.,file; folder; data
wir,/wir/,adj.,popular; famous
wisapa,/ˈwisapa/,n.,mouse
wit,/wit/,n.,vision
wiwè,/ˈwiwɛ/,v.,borrow
wiwu,/ˈwiwu/,n.,finger; toe
wiwu rot,/ˈwiwu rot/,n.,fingerprint
wiwue,/ˈwiwue/,n.,island
wo,/wo/,prep.,on
woda,/ˈwoda/,n.,coast; rib
wodèzèng,/ˈwodɛʒɛŋ/,n.,month
wodo,/ˈwodo/,n.,ass
wok,/wok/,n.,society
woka,/ˈwoka/,n.,nail
wokakoh,/ˈwokakoh/,v.,direct; conduct
woku,/ˈwoku/,n.,fork
wolati,/ˈwolati/,adj.,recent
wolatime,/ˈwolaˌtime/,adv.,recently
wolawong,/ˈwolawoŋ/,n.,column
wolu,/ˈwolu/,v.,exercise; train
womeng,/ˈwomeŋ/,n.,copper; bronze
won,/won/,n.,spell (of magic)
wong,/woŋ/,v.,ask (inquire); ask (request)
wonggum,/ˈwoŋgum/,v.,trade
wonggume,/ˈwoŋgume/,n.,trader
wonu,/ˈwonu/,n.,paste
wopa,/ˈwopa/,n.,percent
wor,/wor/,prep.,near
worin,/ˈworin/,n.,sex
worin ritokor,/ˈworin ˈritokor/,n.,pubic hair
worin su,/ˈworin su/,v.,have sex
worinès,/ˈworinɛs/,adj.,sexual
wos,/wos/,v.,leave (let remain); let
wot,/wot/,adj.,ugly
woti,/ˈwoti/,v.,tear; rip
wozopar,/ˈwoʒopar/,n.,detail
wu,/wu/,prep.,with (accompanied by)
wu,/wu/,pron.,we
wua,/ˈwua/,v.,organize
wuas,/ˈwuas/,n.,organization
wudar,/ˈwudar/,adj.,wet; damp; moist
wudaru,/ˈwudaru/,n.,moisture
wuh,/wuh/,n.,mouth
wuhas,/ˈwuhas/,adj.,oral
wukaku,/ˈwukaku/,n.,sea; ocean
wukaku idu,/ˈwukaku ˈidu/,n.,beach
wuki,/ˈwuki/,v.,serve
wukie,/ˈwukie/,n.,service
wukuk,/ˈwukuk/,n.,tooth; beak
wukuk ratè,/ˈwukuk ˈratɛ/,n.,dentist
wul,/wul/,n.,back (of body); back (reverse side)
wul sanga,/wul ˈsaŋa/,n.,spine
wula,/ˈwula/,n.,city; metropolis
wulan,/ˈwulan/,adj.,warm
wulas,/ˈwulas/,adj.,urban
wule,/ˈwule/,n.,space (empty area); room (space)
wulèdu,/ˈwulɛdu/,n.,carcass
wulo,/ˈwulo/,v.,push; shove; press; squeeze; clutch; choke
wuloe,/ˈwuloe/,n.,pressure
wum,/wum/,adj.,slow
wumar,/ˈwumar/,adj.,quiet; silent
wumaru,/ˈwumaru/,n.,silence
wumè,/ˈwumɛ/,v.,defecate
wumer,/ˈwumer/,n.,coffee
wumero,/ˈwumero/,n.,cafe
wumi,/ˈwumi/,n.,shirt; blouse; top (clothing)
wun,/wun/,n.,country (nation); state (province; country)
wung,/wuŋ/,v.,require
wunge,/ˈwuŋe/,n.,nephew
wungetè,/ˈwuŋetɛ/,conj.,since
wunggar,/ˈwuŋgar/,n.,stand
wunggi,/ˈwuŋgi/,adv.,later
wunggo,/ˈwuŋgo/,v.,cough
wungung,/ˈwuŋuŋ/,n.,birth
wunuli,/ˈwunuli/,n.,wind; breeze
wupu,/ˈwupu/,v.,lean; bow (greet); drift
wure,/ˈwure/,pron.,nothing
wuril,/ˈwuril/,n.,slave
wuring,/ˈwuriŋ/,n.,spear; lance; pike
wuru,/ˈwuru/,n.,result; outcome
wus,/wus/,adv.,most
wusah,/ˈwusah/,adj.,happy
wusahu,/ˈwusahu/,n.,happiness
wusèlu,/ˈwusɛlu/,n.,tear
wut,/wut/,n.,theater; arena
wutang,/ˈwutaŋ/,n.,shadow
wuto,/ˈwuto/,n.,job
wuwètu,/ˈwuwɛtu/,adj.,red; yellow; orange; brown
wuwètu es,/ˈwuwɛtu es/,n.,lipstick
wuwètu ser,/ˈwuwɛtu ser/,n.,fox
wuwom,/ˈwuwom/,n.,hell
wuwu,/ˈwuwu/,n.,pepper
wuzur,/ˈwuʒur/,v.,treat
wuzure,/ˈwuʒure/,n.,treatment